Dataset,SGD,Perceptron
0,0.7033333333333334,0.74
0,0.67,0.7333333333333332
0,0.6933333333333334,0.6866666666666666
0,0.6766666666666667,0.7133333333333334
0,0.72,0.7333333333333333
0,0.6933333333333334,0.7266666666666666
0,0.7166666666666667,0.7366666666666666
0,0.6599999999999999,0.7166666666666667
0,0.7100000000000001,0.73
0,0.72,0.7566666666666666
0,0.6566666666666666,0.7466666666666667
0,0.7066666666666667,0.7099999999999999
0,0.7033333333333334,0.7066666666666667
0,0.7133333333333334,0.73
0,0.65,0.7166666666666667
0,0.7066666666666667,0.7233333333333333
0,0.7166666666666667,0.7333333333333333
0,0.6966666666666667,0.7
0,0.6799999999999999,0.7200000000000001
0,0.6766666666666667,0.7266666666666667
0,0.6733333333333332,0.75
0,0.6866666666666668,0.7233333333333334
0,0.6799999999999999,0.7333333333333333
0,0.6766666666666665,0.74
0,0.7133333333333333,0.7433333333333334
0,0.7233333333333334,0.7199999999999999
0,0.6833333333333333,0.72
0,0.6666666666666667,0.7166666666666666
0,0.6833333333333333,0.72
0,0.6466666666666666,0.75
0,0.71,0.72
0,0.7266666666666667,0.7066666666666668
0,0.6966666666666667,0.6966666666666667
0,0.6566666666666666,0.6933333333333334
0,0.7033333333333334,0.7333333333333333
0,0.6799999999999999,0.7333333333333334
0,0.7133333333333333,0.7533333333333333
0,0.7066666666666667,0.7066666666666667
0,0.6966666666666667,0.73
0,0.7266666666666667,0.73
0,0.6966666666666665,0.6966666666666665
0,0.7266666666666667,0.73
0,0.6666666666666667,0.7033333333333334
0,0.67,0.72
0,0.72,0.7366666666666667
0,0.6699999999999999,0.6966666666666667
0,0.71,0.72
0,0.7133333333333333,0.74
0,0.7033333333333333,0.7266666666666667
0,0.7033333333333334,0.7300000000000001
0,0.6966666666666667,0.7266666666666666
0,0.7166666666666667,0.7266666666666668
0,0.6833333333333333,0.73
0,0.6666666666666666,0.7366666666666667
0,0.71,0.74
0,0.6933333333333334,0.7133333333333334
0,0.6666666666666666,0.7266666666666666
0,0.7166666666666666,0.7466666666666667
0,0.6733333333333333,0.72
0,0.6766666666666666,0.7
0,0.7033333333333333,0.6866666666666666
0,0.7066666666666668,0.7
0,0.6933333333333334,0.7266666666666666
0,0.6900000000000001,0.7133333333333333
0,0.71,0.7100000000000001
0,0.6933333333333334,0.7266666666666667
0,0.71,0.71
0,0.7,0.72
0,0.6966666666666665,0.7333333333333334
0,0.6866666666666666,0.73
0,0.7266666666666668,0.6966666666666665
0,0.6599999999999999,0.6966666666666667
0,0.7,0.7133333333333333
0,0.6866666666666665,0.6933333333333334
0,0.6966666666666667,0.7266666666666667
0,0.6833333333333333,0.71
0,0.73,0.74
0,0.6766666666666666,0.7333333333333333
0,0.6933333333333332,0.73
0,0.7066666666666666,0.7266666666666667
0,0.6566666666666665,0.71
0,0.7133333333333333,0.7033333333333334
0,0.7166666666666666,0.7333333333333334
0,0.72,0.76
0,0.6566666666666666,0.6933333333333334
0,0.6733333333333333,0.72
0,0.68,0.7366666666666666
0,0.7033333333333334,0.6866666666666668
0,0.7133333333333335,0.7366666666666666
0,0.6766666666666667,0.7200000000000001
0,0.6833333333333333,0.7266666666666667
0,0.6766666666666667,0.75
0,0.6966666666666667,0.7166666666666667
0,0.6766666666666667,0.7133333333333334
0,0.7033333333333334,0.6933333333333334
0,0.7066666666666667,0.6966666666666665
0,0.72,0.7366666666666666
0,0.72,0.6966666666666667
0,0.7333333333333333,0.7066666666666667
0,0.7366666666666666,0.7066666666666667
0,0.6666666666666665,0.7266666666666668
0,0.6933333333333332,0.7133333333333333
0,0.6900000000000001,0.7333333333333334
0,0.6833333333333333,0.7
0,0.7,0.6966666666666665
0,0.7033333333333334,0.7133333333333335
0,0.7033333333333334,0.7166666666666666
0,0.7266666666666667,0.7099999999999999
0,0.6533333333333333,0.7333333333333333
0,0.7,0.7166666666666667
0,0.72,0.7266666666666667
0,0.7100000000000001,0.7633333333333333
0,0.7266666666666667,0.6966666666666668
0,0.6733333333333333,0.71
0,0.7266666666666667,0.7233333333333334
0,0.69,0.7266666666666667
0,0.6433333333333333,0.6933333333333334
0,0.7133333333333333,0.7533333333333334
0,0.7133333333333334,0.7066666666666668
0,0.6900000000000001,0.7066666666666667
0,0.6766666666666667,0.7166666666666666
0,0.6866666666666666,0.7266666666666666
0,0.7,0.7133333333333333
0,0.7133333333333333,0.73
0,0.6933333333333334,0.6866666666666666
0,0.6933333333333334,0.6933333333333334
0,0.7166666666666666,0.7133333333333333
0,0.6900000000000001,0.73
0,0.6666666666666666,0.7
0,0.6933333333333334,0.7200000000000001
0,0.6766666666666666,0.7066666666666667
0,0.6633333333333333,0.7366666666666667
0,0.6966666666666667,0.6733333333333332
0,0.6799999999999999,0.6933333333333334
0,0.6766666666666666,0.7033333333333333
0,0.6966666666666665,0.71
0,0.6733333333333333,0.67
0,0.6866666666666666,0.7066666666666667
0,0.69,0.7566666666666668
0,0.6966666666666667,0.7166666666666666
0,0.7099999999999999,0.7133333333333332
0,0.6833333333333333,0.7333333333333334
0,0.7066666666666667,0.75
0,0.6900000000000001,0.7266666666666667
0,0.7133333333333333,0.74
0,0.6900000000000001,0.71
0,0.7066666666666668,0.7166666666666667
0,0.7,0.7333333333333333
0,0.6733333333333333,0.7133333333333332
0,0.67,0.7333333333333333
0,0.6766666666666665,0.6966666666666665
0,0.6733333333333333,0.7033333333333333
0,0.7133333333333333,0.7333333333333334
0,0.72,0.7066666666666667
0,0.6699999999999999,0.7166666666666667
0,0.6799999999999999,0.7066666666666667
0,0.6900000000000001,0.7033333333333334
0,0.6799999999999999,0.7333333333333334
0,0.7,0.72
0,0.65,0.7266666666666667
0,0.71,0.7333333333333334
0,0.6633333333333333,0.73
0,0.6666666666666667,0.7200000000000001
0,0.6433333333333333,0.7433333333333334
0,0.6833333333333333,0.7166666666666666
0,0.6833333333333333,0.7133333333333332
0,0.6599999999999999,0.6833333333333333
0,0.7166666666666666,0.7333333333333333
0,0.71,0.6766666666666667
0,0.6833333333333333,0.7
0,0.72,0.71
0,0.6733333333333335,0.6933333333333334
0,0.7033333333333333,0.72
0,0.7133333333333332,0.71
0,0.6933333333333332,0.7266666666666667
0,0.69,0.7133333333333333
0,0.6866666666666668,0.6899999999999998
0,0.68,0.7366666666666667
0,0.7066666666666667,0.7200000000000001
0,0.6933333333333332,0.73
0,0.7033333333333334,0.72
0,0.6900000000000001,0.7266666666666667
0,0.6900000000000001,0.7033333333333334
0,0.6933333333333334,0.65
0,0.6866666666666668,0.7066666666666667
0,0.7033333333333334,0.7433333333333334
0,0.7166666666666667,0.7133333333333333
0,0.6766666666666667,0.7033333333333334
0,0.6766666666666666,0.7133333333333333
0,0.69,0.7333333333333334
0,0.6866666666666666,0.7033333333333334
0,0.6633333333333333,0.7
0,0.6933333333333332,0.7266666666666667
0,0.7366666666666667,0.7366666666666666
0,0.6333333333333333,0.7233333333333334
0,0.6699999999999999,0.7366666666666666
0,0.6933333333333334,0.72
0,0.6200000000000001,0.7300000000000001
0,0.7066666666666667,0.7233333333333333
0,0.7033333333333334,0.71
0,0.7033333333333334,0.7333333333333334
0,0.6633333333333333,0.7100000000000001
0,0.6966666666666667,0.7499999999999999
0,0.7033333333333333,0.7233333333333334
0,0.7266666666666667,0.71
0,0.7166666666666667,0.7133333333333333
0,0.6933333333333332,0.7
0,0.69,0.7433333333333334
0,0.6833333333333333,0.7166666666666667
0,0.6833333333333332,0.7066666666666666
0,0.6599999999999999,0.7266666666666667
0,0.7,0.7166666666666666
0,0.6866666666666666,0.7233333333333334
0,0.7,0.6966666666666667
0,0.6833333333333333,0.7266666666666666
0,0.6733333333333333,0.7166666666666667
0,0.6866666666666666,0.7433333333333333
0,0.6900000000000001,0.7133333333333334
0,0.7033333333333334,0.7233333333333334
0,0.7133333333333333,0.7066666666666667
0,0.6933333333333334,0.7166666666666666
0,0.6833333333333333,0.7166666666666666
0,0.7066666666666667,0.6933333333333332
0,0.6799999999999999,0.7266666666666667
0,0.7033333333333333,0.72
0,0.7066666666666667,0.7133333333333335
0,0.6333333333333333,0.7133333333333334
0,0.7133333333333334,0.7166666666666666
0,0.6833333333333333,0.71
0,0.7333333333333333,0.7166666666666667
0,0.6900000000000001,0.74
0,0.6599999999999999,0.7
0,0.6799999999999999,0.72
0,0.6799999999999999,0.7166666666666667
0,0.68,0.7066666666666668
0,0.6866666666666668,0.76
0,0.6766666666666666,0.7233333333333334
0,0.6966666666666667,0.76
0,0.6666666666666666,0.7099999999999999
0,0.7133333333333334,0.7066666666666667
0,0.6866666666666668,0.7166666666666666
0,0.6833333333333333,0.7233333333333334
0,0.6733333333333333,0.72
0,0.6866666666666668,0.7466666666666667
0,0.7566666666666666,0.7300000000000001
0,0.71,0.6866666666666666
0,0.6799999999999999,0.7033333333333334
0,0.6799999999999999,0.7366666666666666
0,0.7333333333333333,0.7233333333333334
0,0.69,0.7066666666666667
0,0.6733333333333333,0.7133333333333334
0,0.6633333333333333,0.73
0,0.6833333333333333,0.7066666666666668
0,0.7066666666666667,0.6966666666666665
0,0.6900000000000001,0.74
0,0.7233333333333334,0.7333333333333334
0,0.7200000000000001,0.7166666666666667
0,0.7066666666666667,0.7166666666666667
0,0.6866666666666668,0.72
0,0.6766666666666665,0.7333333333333333
0,0.6866666666666668,0.7233333333333334
0,0.6833333333333332,0.7133333333333334
0,0.6733333333333332,0.7066666666666668
0,0.7066666666666667,0.72
0,0.6766666666666665,0.7066666666666668
0,0.7233333333333334,0.7166666666666666
0,0.6933333333333334,0.74
0,0.6633333333333333,0.7066666666666667
0,0.6933333333333334,0.74
0,0.69,0.75
0,0.6733333333333332,0.7233333333333334
0,0.69,0.7333333333333334
0,0.6833333333333333,0.7233333333333334
0,0.6566666666666665,0.6900000000000001
0,0.6799999999999999,0.72
0,0.6833333333333333,0.7233333333333334
0,0.68,0.7166666666666666
0,0.6533333333333333,0.7366666666666666
0,0.6866666666666666,0.74
0,0.7133333333333333,0.7299999999999999
0,0.7033333333333334,0.7166666666666667
0,0.7033333333333333,0.7366666666666666
0,0.7166666666666666,0.7166666666666666
0,0.6599999999999999,0.7466666666666667
0,0.7233333333333334,0.7533333333333333
0,0.6900000000000001,0.74
0,0.6733333333333333,0.7266666666666667
0,0.6733333333333333,0.7
0,0.7266666666666666,0.7066666666666667
0,0.7,0.7300000000000001
0,0.7033333333333334,0.7633333333333333
0,0.72,0.73
0,0.7033333333333334,0.7499999999999999
0,0.7266666666666666,0.7133333333333333
0,0.6866666666666668,0.7166666666666667
0,0.7033333333333333,0.72
0,0.7,0.7133333333333333
0,0.6399999999999999,0.7533333333333333
0,0.7066666666666668,0.71
0,0.6933333333333334,0.7133333333333333
0,0.6799999999999999,0.7266666666666667
0,0.7433333333333334,0.7066666666666668
0,0.6866666666666668,0.74
0,0.7233333333333334,0.7300000000000001
0,0.7,0.72
0,0.7,0.7066666666666667
0,0.6933333333333334,0.7066666666666667
0,0.7033333333333334,0.71
0,0.6533333333333332,0.7466666666666667
0,0.6933333333333331,0.7333333333333334
0,0.7133333333333334,0.71
0,0.6433333333333333,0.7233333333333334
0,0.7,0.7033333333333334
0,0.6966666666666667,0.7233333333333334
0,0.7133333333333333,0.7166666666666666
0,0.6466666666666667,0.7266666666666666
0,0.7266666666666668,0.7233333333333334
0,0.6766666666666666,0.7
0,0.7166666666666666,0.7366666666666667
0,0.6966666666666667,0.6833333333333333
0,0.69,0.7166666666666666
0,0.7233333333333334,0.7066666666666668
0,0.6799999999999999,0.7066666666666666
0,0.7233333333333334,0.7299999999999999
0,0.67,0.72
0,0.7033333333333334,0.7233333333333334
0,0.6733333333333333,0.7033333333333334
0,0.71,0.7033333333333333
0,0.6799999999999999,0.7266666666666667
0,0.6933333333333334,0.7166666666666666
0,0.67,0.7433333333333334
0,0.72,0.7300000000000001
0,0.6366666666666666,0.7299999999999999
0,0.6833333333333333,0.7499999999999999
0,0.6900000000000001,0.7466666666666667
0,0.6666666666666666,0.6933333333333334
0,0.6933333333333334,0.7366666666666666
0,0.6533333333333333,0.71
0,0.6633333333333333,0.72
0,0.7,0.7133333333333333
0,0.6766666666666666,0.7166666666666666
0,0.6766666666666666,0.7166666666666667
0,0.7133333333333333,0.71
0,0.7233333333333334,0.6933333333333334
0,0.6766666666666665,0.6966666666666667
0,0.6899999999999998,0.7233333333333334
0,0.7333333333333333,0.7333333333333334
0,0.7300000000000001,0.7133333333333334
0,0.6799999999999999,0.7
0,0.7066666666666667,0.7266666666666667
0,0.6433333333333333,0.75
0,0.6799999999999999,0.6933333333333332
0,0.7,0.7233333333333333
0,0.6866666666666666,0.7333333333333333
0,0.7166666666666666,0.7300000000000001
0,0.6933333333333334,0.7233333333333334
0,0.6733333333333333,0.7233333333333334
0,0.6933333333333334,0.7133333333333333
0,0.6900000000000001,0.7266666666666666
0,0.71,0.7166666666666667
0,0.6900000000000001,0.74
0,0.6633333333333333,0.7433333333333334
0,0.7100000000000001,0.6933333333333334
0,0.6433333333333333,0.7333333333333334
0,0.6733333333333333,0.7166666666666667
0,0.6933333333333334,0.7433333333333333
0,0.6799999999999999,0.7266666666666667
0,0.69,0.7100000000000001
0,0.6766666666666666,0.7366666666666667
0,0.7,0.7166666666666666
0,0.73,0.7066666666666667
0,0.7566666666666667,0.6933333333333334
0,0.7133333333333333,0.7133333333333333
0,0.7066666666666667,0.74
0,0.6966666666666667,0.72
0,0.6966666666666667,0.72
0,0.6766666666666666,0.7333333333333334
0,0.7033333333333334,0.7033333333333334
0,0.6566666666666666,0.6833333333333333
0,0.7033333333333334,0.7266666666666666
0,0.7,0.73
0,0.6966666666666665,0.7333333333333333
0,0.6666666666666667,0.7333333333333332
0,0.7066666666666668,0.7266666666666667
0,0.7,0.7133333333333333
0,0.6733333333333333,0.74
0,0.7133333333333333,0.7333333333333334
0,0.6833333333333333,0.7066666666666668
0,0.6766666666666666,0.7366666666666666
0,0.6833333333333333,0.6866666666666668
0,0.6733333333333333,0.71
0,0.6966666666666667,0.7133333333333334
0,0.72,0.6966666666666667
0,0.6466666666666667,0.7066666666666667
0,0.6833333333333333,0.6933333333333334
0,0.71,0.73
0,0.7166666666666667,0.69
0,0.6966666666666667,0.7266666666666666
0,0.71,0.7266666666666667
0,0.71,0.7133333333333334
0,0.7133333333333334,0.7166666666666668
0,0.7033333333333334,0.6966666666666665
0,0.6966666666666667,0.7
0,0.6866666666666668,0.7433333333333334
0,0.6966666666666665,0.7166666666666666
0,0.7066666666666667,0.7333333333333334
0,0.6966666666666667,0.7366666666666666
0,0.72,0.7266666666666667
0,0.7166666666666666,0.74
0,0.7466666666666667,0.72
0,0.7266666666666668,0.7466666666666667
0,0.6799999999999999,0.7133333333333334
0,0.6900000000000001,0.7066666666666667
0,0.6733333333333333,0.7266666666666667
0,0.7133333333333333,0.72
0,0.7,0.6933333333333332
0,0.6866666666666666,0.7266666666666667
0,0.6933333333333334,0.72
0,0.6933333333333332,0.6866666666666666
0,0.7033333333333334,0.7333333333333334
0,0.6766666666666666,0.6966666666666667
0,0.7066666666666667,0.6966666666666665
0,0.6833333333333333,0.7066666666666667
0,0.6866666666666668,0.7133333333333333
0,0.6866666666666668,0.7233333333333333
0,0.71,0.7633333333333334
0,0.6666666666666667,0.7333333333333333
0,0.6933333333333334,0.72
0,0.6666666666666667,0.6866666666666668
0,0.6799999999999999,0.7133333333333335
0,0.7166666666666667,0.74
0,0.7266666666666667,0.7533333333333333
0,0.6366666666666665,0.7433333333333334
0,0.6966666666666665,0.7233333333333334
0,0.7166666666666667,0.7333333333333334
0,0.7166666666666667,0.71
0,0.6799999999999999,0.7266666666666668
0,0.7266666666666668,0.7466666666666667
0,0.6966666666666667,0.7233333333333333
0,0.72,0.71
0,0.6399999999999999,0.7233333333333334
0,0.7133333333333333,0.7566666666666666
0,0.6933333333333334,0.7266666666666666
0,0.7033333333333334,0.7466666666666667
0,0.6633333333333333,0.7233333333333333
0,0.75,0.7166666666666667
0,0.6866666666666668,0.7233333333333334
0,0.6933333333333334,0.7166666666666666
0,0.7066666666666667,0.76
0,0.72,0.7233333333333333
0,0.6933333333333334,0.7033333333333334
0,0.6700000000000002,0.6933333333333332
0,0.69,0.7466666666666667
0,0.6633333333333333,0.7033333333333334
0,0.6633333333333333,0.72
0,0.7166666666666668,0.7166666666666666
0,0.67,0.72
0,0.6866666666666666,0.72
0,0.7,0.71
0,0.6733333333333333,0.74
0,0.7433333333333334,0.7133333333333334
0,0.7133333333333333,0.7233333333333334
0,0.7166666666666666,0.7566666666666666
0,0.6766666666666666,0.7033333333333334
0,0.7033333333333334,0.7233333333333333
0,0.6799999999999999,0.7466666666666667
0,0.6399999999999999,0.7233333333333334
0,0.6833333333333333,0.7300000000000001
0,0.7133333333333334,0.7266666666666666
0,0.6799999999999999,0.74
0,0.6966666666666667,0.7233333333333334
0,0.6699999999999999,0.74
0,0.6866666666666668,0.6866666666666668
0,0.69,0.7300000000000001
0,0.6533333333333333,0.7033333333333334
0,0.7133333333333333,0.7066666666666667
0,0.7033333333333333,0.7266666666666667
0,0.67,0.6933333333333334
0,0.7066666666666666,0.7433333333333334
0,0.6699999999999999,0.7
0,0.6666666666666666,0.7133333333333333
0,0.6666666666666666,0.7233333333333334
0,0.67,0.6966666666666667
0,0.7333333333333333,0.7333333333333334
0,0.6966666666666667,0.7166666666666667
0,0.6900000000000001,0.72
0,0.6633333333333333,0.69
0,0.7133333333333334,0.6833333333333332
0,0.6833333333333333,0.71
0,0.6799999999999999,0.7366666666666666
0,0.6733333333333333,0.7033333333333334
0,0.6833333333333333,0.7033333333333334
0,0.6366666666666666,0.71
0,0.7233333333333333,0.7233333333333333
0,0.6866666666666666,0.72
0,0.6766666666666666,0.7366666666666667
0,0.69,0.7333333333333334
0,0.7033333333333334,0.6899999999999998
0,0.6866666666666668,0.71
0,0.6799999999999999,0.7266666666666667
0,0.6833333333333333,0.7066666666666667
0,0.67,0.6966666666666665
0,0.7,0.72
0,0.6833333333333333,0.7333333333333333
0,0.6833333333333333,0.7100000000000001
0,0.7033333333333334,0.7066666666666667
0,0.6500000000000001,0.7433333333333334
0,0.6666666666666666,0.7066666666666667
0,0.6599999999999999,0.6833333333333333
0,0.6700000000000002,0.71
0,0.6866666666666665,0.74
0,0.6866666666666668,0.7566666666666667
0,0.7,0.7033333333333334
0,0.6766666666666666,0.73
0,0.69,0.72
0,0.6366666666666667,0.7266666666666667
0,0.7,0.7233333333333334
0,0.6733333333333335,0.7266666666666666
0,0.7133333333333333,0.7300000000000001
0,0.6833333333333333,0.7066666666666667
0,0.6866666666666666,0.7266666666666667
0,0.6733333333333332,0.7233333333333334
0,0.6700000000000002,0.7133333333333333
0,0.7166666666666666,0.7433333333333334
0,0.7066666666666667,0.7266666666666666
0,0.6699999999999999,0.71
0,0.6966666666666667,0.7066666666666667
0,0.72,0.71
0,0.6833333333333333,0.7133333333333333
0,0.7,0.7333333333333333
0,0.6966666666666665,0.7033333333333334
0,0.6933333333333332,0.7333333333333334
0,0.6499999999999999,0.73
0,0.7266666666666667,0.7400000000000001
0,0.6866666666666665,0.7233333333333333
0,0.7166666666666667,0.7333333333333334
0,0.6833333333333333,0.7266666666666666
0,0.7066666666666667,0.7366666666666667
0,0.71,0.72
0,0.6799999999999999,0.7333333333333333
0,0.6866666666666665,0.7333333333333334
0,0.7199999999999999,0.73
0,0.6633333333333333,0.7133333333333333
0,0.69,0.72
0,0.7,0.6966666666666665
0,0.7100000000000001,0.6933333333333332
0,0.6966666666666668,0.69
0,0.7233333333333334,0.71
0,0.6766666666666666,0.72
0,0.6900000000000001,0.7266666666666667
0,0.7133333333333333,0.7200000000000001
0,0.7,0.7300000000000001
0,0.7266666666666666,0.71
0,0.6733333333333333,0.7233333333333333
0,0.71,0.71
0,0.7066666666666667,0.7133333333333333
0,0.7233333333333334,0.7133333333333333
0,0.6733333333333333,0.74
0,0.7166666666666666,0.7033333333333334
0,0.6900000000000001,0.7200000000000001
0,0.6833333333333333,0.6866666666666668
0,0.7066666666666667,0.7266666666666667
0,0.6933333333333332,0.7233333333333334
0,0.71,0.75
0,0.6966666666666667,0.7266666666666667
0,0.6333333333333333,0.72
0,0.6966666666666667,0.7133333333333334
0,0.7433333333333334,0.74
0,0.7333333333333333,0.7266666666666667
0,0.6933333333333334,0.7033333333333334
0,0.74,0.7466666666666667
0,0.71,0.7133333333333333
0,0.7099999999999999,0.74
0,0.7133333333333333,0.7100000000000001
0,0.7233333333333333,0.7233333333333334
0,0.7233333333333334,0.6966666666666667
0,0.62,0.7033333333333334
0,0.6966666666666665,0.7266666666666667
0,0.6866666666666668,0.7300000000000001
0,0.6766666666666667,0.7066666666666668
0,0.68,0.72
0,0.7,0.6966666666666667
0,0.6866666666666666,0.7333333333333332
0,0.6966666666666667,0.7133333333333334
0,0.6966666666666667,0.72
0,0.7,0.6933333333333334
0,0.7233333333333334,0.7299999999999999
0,0.6866666666666666,0.7166666666666667
0,0.6833333333333333,0.72
0,0.6799999999999999,0.7166666666666668
0,0.7,0.72
0,0.6833333333333333,0.6933333333333334
0,0.6833333333333333,0.6933333333333334
0,0.6866666666666665,0.7266666666666666
0,0.6733333333333331,0.7
0,0.6666666666666666,0.7133333333333334
0,0.7033333333333334,0.6966666666666667
0,0.67,0.6966666666666667
0,0.7,0.75
0,0.7299999999999999,0.7133333333333334
0,0.7,0.7166666666666667
0,0.6866666666666668,0.72
0,0.7066666666666667,0.7300000000000001
0,0.71,0.7333333333333333
0,0.6833333333333333,0.7133333333333333
0,0.7266666666666667,0.74
0,0.65,0.7233333333333334
0,0.7066666666666667,0.7033333333333334
0,0.7033333333333334,0.7033333333333333
0,0.6833333333333333,0.7033333333333334
0,0.7133333333333334,0.74
0,0.6633333333333333,0.72
0,0.6533333333333332,0.6966666666666665
0,0.6933333333333334,0.76
0,0.7166666666666666,0.7133333333333335
0,0.73,0.7333333333333334
0,0.6900000000000001,0.6966666666666667
0,0.7,0.71
0,0.7033333333333334,0.74
0,0.6866666666666668,0.71
0,0.6566666666666666,0.72
0,0.7033333333333334,0.7066666666666668
0,0.7033333333333334,0.7066666666666667
0,0.7,0.6733333333333333
0,0.7166666666666666,0.7299999999999999
0,0.7133333333333333,0.74
0,0.6633333333333333,0.7433333333333334
0,0.6866666666666666,0.7233333333333334
0,0.6766666666666666,0.7133333333333333
0,0.6866666666666668,0.7233333333333334
0,0.6866666666666668,0.72
0,0.7333333333333333,0.7666666666666667
0,0.68,0.7333333333333334
0,0.6599999999999999,0.7100000000000001
0,0.6566666666666666,0.7233333333333334
0,0.7,0.7466666666666667
0,0.6833333333333333,0.7
0,0.7133333333333333,0.73
0,0.6833333333333333,0.7333333333333334
0,0.6833333333333333,0.75
0,0.7033333333333334,0.7133333333333334
0,0.6966666666666665,0.72
0,0.6833333333333332,0.74
0,0.6799999999999999,0.7333333333333333
0,0.6866666666666666,0.7266666666666666
0,0.6566666666666665,0.7133333333333333
0,0.6966666666666665,0.7133333333333333
0,0.6533333333333333,0.7599999999999999
0,0.6699999999999999,0.7266666666666667
0,0.6866666666666668,0.7233333333333334
0,0.6933333333333335,0.76
0,0.6633333333333333,0.7333333333333334
0,0.7,0.7066666666666667
0,0.72,0.7300000000000001
0,0.7033333333333334,0.68
0,0.7033333333333334,0.7066666666666666
0,0.6933333333333332,0.7166666666666666
0,0.6966666666666667,0.74
0,0.6866666666666668,0.6966666666666667
0,0.72,0.7266666666666667
0,0.7333333333333334,0.7433333333333334
0,0.6799999999999999,0.7366666666666666
0,0.6666666666666667,0.7166666666666667
0,0.6799999999999999,0.6966666666666667
0,0.6833333333333333,0.7433333333333334
0,0.7066666666666666,0.7066666666666667
0,0.7066666666666667,0.7133333333333334
0,0.7066666666666667,0.6833333333333333
0,0.7066666666666667,0.7366666666666667
0,0.6700000000000002,0.7166666666666667
0,0.7200000000000001,0.7133333333333334
0,0.6966666666666665,0.7166666666666666
0,0.6966666666666667,0.6966666666666665
0,0.7133333333333334,0.7166666666666667
0,0.6966666666666667,0.7299999999999999
0,0.7033333333333334,0.71
0,0.6933333333333332,0.7133333333333334
0,0.6599999999999999,0.71
0,0.6433333333333333,0.7
0,0.65,0.7133333333333333
0,0.6766666666666666,0.7366666666666667
0,0.7166666666666666,0.7233333333333333
0,0.7,0.7233333333333334
0,0.7033333333333333,0.7166666666666666
0,0.7033333333333334,0.7066666666666667
0,0.7099999999999999,0.7466666666666667
0,0.7033333333333334,0.7566666666666667
0,0.6966666666666667,0.7100000000000001
0,0.6933333333333332,0.7266666666666666
0,0.6933333333333334,0.7533333333333333
0,0.7133333333333333,0.72
0,0.7133333333333332,0.7166666666666666
0,0.7433333333333334,0.7133333333333333
0,0.6933333333333334,0.6866666666666666
0,0.6733333333333333,0.7333333333333332
0,0.6766666666666667,0.7466666666666666
0,0.6900000000000001,0.7166666666666667
0,0.6866666666666666,0.7333333333333333
0,0.7,0.7133333333333333
0,0.6766666666666667,0.7233333333333333
0,0.68,0.69
0,0.6866666666666666,0.7166666666666668
0,0.7266666666666667,0.7099999999999999
0,0.7300000000000001,0.7166666666666666
0,0.7166666666666666,0.7466666666666667
0,0.7166666666666666,0.72
0,0.6733333333333332,0.6966666666666667
0,0.7,0.72
0,0.6866666666666668,0.7266666666666668
0,0.7333333333333333,0.7333333333333332
0,0.6666666666666667,0.7333333333333334
0,0.6900000000000001,0.72
0,0.6933333333333331,0.7233333333333334
0,0.7366666666666667,0.7333333333333334
0,0.6766666666666667,0.72
0,0.7033333333333334,0.71
0,0.6733333333333332,0.6833333333333333
0,0.7,0.7166666666666666
0,0.6966666666666665,0.7166666666666667
0,0.6766666666666666,0.7
0,0.6799999999999999,0.71
0,0.67,0.7133333333333334
0,0.68,0.7333333333333334
0,0.6933333333333332,0.7166666666666667
0,0.7266666666666667,0.7366666666666666
0,0.6799999999999999,0.7266666666666668
0,0.69,0.6866666666666666
0,0.7,0.7133333333333334
0,0.6766666666666666,0.7266666666666668
0,0.6499999999999999,0.7100000000000001
0,0.7066666666666667,0.7
0,0.7166666666666666,0.74
0,0.6933333333333332,0.7233333333333334
0,0.6966666666666667,0.74
0,0.6966666666666667,0.7333333333333334
0,0.6766666666666667,0.7033333333333334
0,0.6766666666666665,0.7166666666666667
0,0.6733333333333333,0.6966666666666667
0,0.7066666666666667,0.7333333333333334
0,0.6599999999999999,0.72
0,0.6833333333333333,0.7066666666666667
0,0.6599999999999999,0.71
0,0.6900000000000001,0.7033333333333334
0,0.6933333333333334,0.7133333333333333
0,0.7266666666666666,0.7499999999999999
0,0.6766666666666666,0.7066666666666667
0,0.6866666666666666,0.74
0,0.6799999999999999,0.7266666666666667
0,0.7366666666666666,0.7266666666666667
0,0.7333333333333332,0.7666666666666666
0,0.69,0.7133333333333332
0,0.6733333333333332,0.7066666666666668
0,0.6766666666666666,0.71
0,0.6799999999999999,0.71
0,0.7233333333333333,0.72
0,0.7066666666666667,0.7266666666666668
0,0.6933333333333332,0.7033333333333334
0,0.7266666666666667,0.7266666666666668
0,0.6799999999999999,0.72
0,0.7466666666666667,0.7466666666666667
0,0.6799999999999999,0.7299999999999999
0,0.71,0.7333333333333332
0,0.71,0.6966666666666665
0,0.72,0.7033333333333334
0,0.72,0.7133333333333333
0,0.6766666666666666,0.7166666666666667
0,0.7166666666666668,0.7133333333333334
0,0.7133333333333333,0.72
0,0.6933333333333334,0.7066666666666667
0,0.6733333333333333,0.7266666666666667
0,0.6633333333333333,0.7433333333333334
0,0.6766666666666667,0.7166666666666668
0,0.7033333333333333,0.7333333333333333
0,0.6633333333333333,0.7366666666666666
0,0.6866666666666666,0.72
0,0.7100000000000001,0.7233333333333334
0,0.7,0.7366666666666666
0,0.7233333333333333,0.7366666666666666
0,0.7166666666666667,0.7066666666666668
0,0.7033333333333334,0.7133333333333333
0,0.7266666666666668,0.7333333333333332
0,0.7233333333333334,0.7299999999999999
0,0.6699999999999999,0.7133333333333333
0,0.7,0.7
0,0.7033333333333334,0.7133333333333334
0,0.7200000000000001,0.7133333333333333
0,0.7266666666666667,0.74
0,0.7033333333333334,0.7333333333333334
0,0.6566666666666666,0.7466666666666667
0,0.7366666666666667,0.7433333333333334
0,0.6933333333333334,0.72
0,0.6766666666666666,0.7366666666666667
0,0.6866666666666666,0.73
0,0.7,0.6966666666666667
0,0.6599999999999999,0.7133333333333332
0,0.6966666666666667,0.7433333333333334
0,0.66,0.7
0,0.6933333333333334,0.7333333333333333
0,0.6799999999999999,0.7066666666666667
0,0.6766666666666665,0.7
0,0.69,0.7
0,0.7333333333333333,0.7433333333333334
0,0.6966666666666665,0.7233333333333333
0,0.6833333333333332,0.7166666666666668
0,0.7333333333333333,0.74
0,0.6833333333333333,0.7066666666666667
0,0.6866666666666668,0.7166666666666666
0,0.7133333333333333,0.7333333333333334
0,0.6766666666666665,0.7166666666666667
0,0.6833333333333333,0.7
0,0.6766666666666666,0.7233333333333334
0,0.72,0.7333333333333334
0,0.6933333333333332,0.7333333333333333
0,0.7133333333333333,0.7433333333333334
0,0.6366666666666666,0.7333333333333333
0,0.6933333333333332,0.7066666666666668
0,0.6599999999999999,0.71
0,0.72,0.7133333333333334
0,0.6599999999999999,0.7266666666666667
0,0.7033333333333334,0.6866666666666668
0,0.7066666666666667,0.72
0,0.75,0.7300000000000001
0,0.6699999999999999,0.7166666666666666
0,0.7,0.7366666666666666
0,0.7,0.7366666666666666
0,0.6900000000000001,0.76
0,0.6833333333333333,0.6966666666666667
0,0.69,0.7166666666666666
0,0.73,0.7033333333333334
0,0.7066666666666668,0.7233333333333333
0,0.7233333333333333,0.7266666666666667
0,0.7166666666666667,0.7366666666666666
0,0.74,0.71
0,0.6533333333333332,0.6766666666666667
0,0.6933333333333334,0.7
0,0.6933333333333334,0.7233333333333333
0,0.6699999999999999,0.7
0,0.7033333333333334,0.7133333333333333
0,0.7,0.7166666666666668
0,0.7066666666666667,0.72
0,0.6933333333333334,0.74
0,0.7,0.6866666666666666
0,0.6733333333333333,0.73
0,0.6499999999999999,0.7133333333333333
0,0.6833333333333333,0.7166666666666666
0,0.7033333333333334,0.7333333333333333
0,0.6799999999999999,0.73
0,0.7066666666666667,0.7300000000000001
0,0.67,0.73
0,0.72,0.6733333333333332
0,0.6866666666666668,0.7566666666666666
0,0.7033333333333334,0.7299999999999999
0,0.6966666666666665,0.7133333333333333
0,0.6799999999999999,0.7533333333333333
0,0.6966666666666665,0.7233333333333334
0,0.6833333333333333,0.72
0,0.67,0.6933333333333334
0,0.7166666666666666,0.7333333333333333
0,0.7233333333333334,0.76
0,0.7,0.74
0,0.6866666666666665,0.7166666666666667
0,0.7133333333333333,0.7066666666666667
0,0.6866666666666668,0.7366666666666667
0,0.6966666666666665,0.7266666666666667
0,0.6633333333333334,0.7233333333333334
0,0.7,0.7366666666666666
0,0.7166666666666666,0.7166666666666668
0,0.6833333333333332,0.73
0,0.6866666666666666,0.7
0,0.7033333333333333,0.7266666666666667
0,0.7133333333333333,0.74
0,0.7066666666666667,0.7366666666666667
0,0.6966666666666667,0.7166666666666667
0,0.6666666666666666,0.7366666666666667
0,0.6799999999999999,0.7133333333333333
0,0.6599999999999999,0.7166666666666668
0,0.6933333333333334,0.7166666666666666
0,0.6666666666666667,0.7166666666666666
0,0.7066666666666667,0.74
0,0.7033333333333334,0.7366666666666666
0,0.7266666666666667,0.7033333333333333
0,0.6833333333333333,0.7066666666666668
0,0.6566666666666667,0.7233333333333334
0,0.7233333333333334,0.7033333333333334
0,0.7100000000000001,0.7366666666666666
0,0.7166666666666667,0.7466666666666667
0,0.7166666666666666,0.7200000000000001
0,0.7066666666666667,0.7166666666666667
0,0.6833333333333332,0.7166666666666666
0,0.7,0.7433333333333333
0,0.6933333333333332,0.7466666666666668
0,0.6233333333333333,0.71
0,0.6966666666666667,0.7133333333333333
0,0.71,0.6866666666666668
0,0.69,0.7233333333333334
0,0.6933333333333332,0.7366666666666666
0,0.7033333333333334,0.7233333333333333
0,0.7166666666666666,0.7166666666666667
0,0.7000000000000001,0.7133333333333333
0,0.7166666666666666,0.7466666666666666
0,0.6966666666666665,0.7200000000000001
0,0.7466666666666667,0.6899999999999998
0,0.6833333333333333,0.6833333333333333
0,0.6900000000000001,0.7433333333333334
0,0.75,0.7333333333333334
0,0.7066666666666668,0.7300000000000001
0,0.7033333333333333,0.7133333333333333
0,0.7066666666666667,0.7333333333333333
0,0.6866666666666666,0.7133333333333334
0,0.6699999999999999,0.7400000000000001
0,0.7366666666666667,0.7266666666666666
0,0.7333333333333333,0.7366666666666666
0,0.69,0.7333333333333333
0,0.7233333333333334,0.7233333333333333
0,0.6766666666666666,0.7233333333333334
0,0.7066666666666666,0.7100000000000001
0,0.6399999999999999,0.7033333333333334
0,0.6766666666666666,0.7433333333333334
0,0.7233333333333333,0.7266666666666666
0,0.6333333333333334,0.7033333333333334
0,0.7066666666666667,0.7
0,0.7166666666666667,0.7266666666666668
0,0.7066666666666668,0.7233333333333334
0,0.67,0.7066666666666668
0,0.6666666666666666,0.69
0,0.7,0.6766666666666666
0,0.6799999999999999,0.7066666666666667
0,0.7133333333333333,0.7233333333333334
0,0.7033333333333334,0.7266666666666667
0,0.6833333333333333,0.7
0,0.6399999999999999,0.7266666666666667
0,0.6833333333333333,0.7033333333333334
0,0.71,0.6933333333333334
0,0.6933333333333332,0.7233333333333334
0,0.6766666666666665,0.73
0,0.7366666666666667,0.7633333333333334
0,0.7033333333333334,0.74
0,0.7,0.72
0,0.7033333333333334,0.7333333333333333
0,0.6900000000000001,0.6933333333333332
0,0.7100000000000001,0.7166666666666666
0,0.6833333333333333,0.7133333333333333
0,0.7166666666666666,0.72
0,0.68,0.7066666666666666
0,0.69,0.7066666666666668
0,0.7133333333333333,0.7033333333333334
0,0.72,0.71
0,0.6833333333333333,0.7033333333333334
0,0.6933333333333334,0.7266666666666668
0,0.7,0.7200000000000001
0,0.7166666666666666,0.7333333333333333
0,0.71,0.72
0,0.6933333333333334,0.7033333333333334
0,0.71,0.7266666666666667
0,0.6966666666666665,0.7233333333333334
0,0.65,0.7000000000000001
0,0.67,0.72
0,0.65,0.7166666666666666
0,0.6466666666666666,0.7266666666666667
0,0.7,0.7366666666666666
0,0.6866666666666668,0.6966666666666667
0,0.6599999999999999,0.7300000000000001
0,0.6766666666666667,0.7333333333333333
0,0.7266666666666667,0.6966666666666667
0,0.7266666666666667,0.6966666666666665
0,0.6933333333333334,0.7533333333333333
0,0.6566666666666665,0.7500000000000001
0,0.7233333333333334,0.7433333333333334
0,0.6833333333333332,0.6866666666666666
0,0.7100000000000001,0.7266666666666668
0,0.6799999999999999,0.7033333333333333
0,0.6833333333333333,0.72
0,0.72,0.7166666666666666
0,0.68,0.7066666666666667
0,0.6733333333333333,0.7
0,0.6699999999999999,0.72
0,0.6733333333333333,0.7333333333333333
0,0.7033333333333334,0.7033333333333334
0,0.73,0.7266666666666668
0,0.6866666666666666,0.7566666666666668
0,0.6599999999999999,0.74
0,0.6266666666666666,0.71
0,0.6833333333333333,0.72
0,0.7,0.74
0,0.6633333333333332,0.7366666666666667
0,0.69,0.7233333333333334
0,0.7166666666666666,0.7366666666666666
0,0.6366666666666667,0.74
0,0.6900000000000001,0.7
0,0.6900000000000001,0.7333333333333333
0,0.6733333333333333,0.7200000000000001
0,0.7033333333333334,0.7366666666666667
0,0.7033333333333334,0.7166666666666667
0,0.7066666666666668,0.7333333333333333
0,0.6733333333333333,0.7033333333333334
0,0.6900000000000001,0.74
0,0.7466666666666667,0.7299999999999999
0,0.7100000000000001,0.7033333333333334
0,0.7266666666666667,0.74
0,0.6966666666666667,0.75
1,0.72,0.7033333333333334
1,0.6866666666666668,0.7433333333333334
1,0.74,0.7366666666666667
1,0.68,0.7433333333333334
1,0.7133333333333333,0.7466666666666667
1,0.7033333333333334,0.7666666666666667
1,0.72,0.7433333333333334
1,0.6933333333333332,0.7366666666666667
1,0.6733333333333332,0.7266666666666666
1,0.7366666666666666,0.74
1,0.6900000000000001,0.7366666666666667
1,0.7266666666666666,0.74
1,0.72,0.7466666666666667
1,0.6933333333333334,0.7233333333333333
1,0.7033333333333334,0.7366666666666667
1,0.6766666666666666,0.74
1,0.7066666666666668,0.7333333333333333
1,0.6966666666666667,0.7333333333333333
1,0.72,0.75
1,0.73,0.7366666666666667
1,0.7266666666666666,0.72
1,0.7333333333333333,0.75
1,0.6900000000000001,0.7366666666666667
1,0.7133333333333333,0.71
1,0.6966666666666667,0.74
1,0.6866666666666668,0.7433333333333334
1,0.6833333333333333,0.7266666666666667
1,0.72,0.7466666666666667
1,0.7166666666666666,0.7299999999999999
1,0.7233333333333334,0.7566666666666666
1,0.7133333333333334,0.7566666666666666
1,0.7033333333333334,0.7466666666666667
1,0.7166666666666667,0.7233333333333334
1,0.7033333333333334,0.74
1,0.6866666666666666,0.7366666666666667
1,0.6933333333333332,0.74
1,0.7,0.7333333333333333
1,0.7133333333333334,0.6933333333333334
1,0.6733333333333332,0.72
1,0.6966666666666667,0.7566666666666666
1,0.6766666666666666,0.7466666666666667
1,0.69,0.7233333333333334
1,0.71,0.7166666666666667
1,0.7,0.7600000000000001
1,0.6966666666666667,0.7466666666666667
1,0.7266666666666667,0.76
1,0.6799999999999999,0.71
1,0.71,0.7566666666666666
1,0.7133333333333333,0.7166666666666666
1,0.6766666666666665,0.7366666666666667
1,0.69,0.7366666666666666
1,0.6966666666666667,0.7566666666666666
1,0.6866666666666668,0.7633333333333333
1,0.7133333333333333,0.73
1,0.7166666666666666,0.75
1,0.7066666666666667,0.75
1,0.6833333333333332,0.74
1,0.7066666666666666,0.7133333333333333
1,0.7200000000000001,0.7433333333333333
1,0.7000000000000001,0.7200000000000001
1,0.6966666666666665,0.75
1,0.7566666666666667,0.7266666666666667
1,0.7,0.7333333333333333
1,0.7066666666666666,0.7366666666666666
1,0.7366666666666667,0.75
1,0.72,0.7133333333333334
1,0.7166666666666667,0.7466666666666667
1,0.6699999999999999,0.72
1,0.7333333333333333,0.7366666666666667
1,0.6766666666666665,0.75
1,0.72,0.7633333333333333
1,0.7066666666666667,0.7066666666666666
1,0.7233333333333334,0.7433333333333333
1,0.6733333333333333,0.72
1,0.69,0.7433333333333334
1,0.7166666666666667,0.7466666666666666
1,0.6833333333333333,0.7266666666666667
1,0.6900000000000001,0.7433333333333334
1,0.7,0.73
1,0.72,0.7433333333333333
1,0.7133333333333334,0.7466666666666667
1,0.7166666666666666,0.7333333333333333
1,0.7133333333333333,0.7433333333333334
1,0.7033333333333334,0.7433333333333333
1,0.7533333333333334,0.7333333333333334
1,0.6866666666666666,0.7433333333333334
1,0.7166666666666667,0.7433333333333333
1,0.7266666666666667,0.7466666666666666
1,0.7266666666666668,0.77
1,0.72,0.77
1,0.7333333333333333,0.76
1,0.74,0.7633333333333333
1,0.7166666666666668,0.7566666666666667
1,0.6866666666666668,0.7333333333333333
1,0.7233333333333334,0.75
1,0.7266666666666667,0.72
1,0.7000000000000001,0.76
1,0.6499999999999999,0.7500000000000001
1,0.7,0.7333333333333334
1,0.6533333333333333,0.7366666666666666
1,0.7266666666666666,0.7233333333333334
1,0.7066666666666667,0.74
1,0.7166666666666667,0.7433333333333334
1,0.6966666666666665,0.7233333333333334
1,0.7133333333333333,0.7566666666666666
1,0.7033333333333333,0.7366666666666667
1,0.72,0.7500000000000001
1,0.6966666666666667,0.75
1,0.72,0.7566666666666666
1,0.7266666666666667,0.78
1,0.7066666666666668,0.7133333333333333
1,0.7066666666666667,0.7633333333333333
1,0.6900000000000001,0.7633333333333334
1,0.6866666666666666,0.7466666666666668
1,0.6599999999999999,0.74
1,0.7,0.7533333333333333
1,0.7133333333333333,0.7299999999999999
1,0.71,0.7366666666666667
1,0.7066666666666667,0.7166666666666666
1,0.6799999999999999,0.7133333333333334
1,0.73,0.7333333333333333
1,0.73,0.74
1,0.72,0.7366666666666666
1,0.6633333333333333,0.7633333333333334
1,0.7,0.71
1,0.6933333333333334,0.74
1,0.7366666666666667,0.75
1,0.7,0.7333333333333333
1,0.74,0.7466666666666667
1,0.6966666666666665,0.7366666666666667
1,0.7133333333333334,0.75
1,0.7133333333333334,0.76
1,0.7166666666666667,0.7566666666666666
1,0.7266666666666667,0.74
1,0.7233333333333334,0.7533333333333334
1,0.7,0.7200000000000001
1,0.6766666666666667,0.7433333333333334
1,0.7233333333333334,0.7533333333333334
1,0.7033333333333334,0.6966666666666667
1,0.7,0.7266666666666667
1,0.7000000000000001,0.7466666666666667
1,0.7166666666666666,0.7366666666666667
1,0.7266666666666667,0.74
1,0.72,0.7733333333333332
1,0.6566666666666666,0.7133333333333333
1,0.6899999999999998,0.7133333333333333
1,0.7066666666666667,0.7466666666666667
1,0.7366666666666666,0.74
1,0.7133333333333334,0.7566666666666666
1,0.6900000000000001,0.7533333333333334
1,0.67,0.74
1,0.71,0.7366666666666666
1,0.7033333333333334,0.7233333333333333
1,0.7433333333333334,0.7566666666666666
1,0.7666666666666667,0.7533333333333332
1,0.72,0.7633333333333334
1,0.6966666666666667,0.7566666666666667
1,0.7166666666666667,0.77
1,0.7166666666666667,0.76
1,0.7233333333333333,0.7466666666666667
1,0.7066666666666667,0.7633333333333334
1,0.71,0.74
1,0.7066666666666667,0.73
1,0.7133333333333333,0.7533333333333333
1,0.6933333333333335,0.7533333333333333
1,0.7566666666666666,0.7300000000000001
1,0.7533333333333334,0.7466666666666667
1,0.7233333333333334,0.7700000000000001
1,0.7433333333333333,0.7333333333333334
1,0.7266666666666667,0.7233333333333334
1,0.7,0.7533333333333333
1,0.6966666666666667,0.7533333333333333
1,0.7133333333333334,0.7333333333333334
1,0.6799999999999999,0.7366666666666666
1,0.7033333333333334,0.7533333333333333
1,0.72,0.7266666666666667
1,0.7,0.71
1,0.7066666666666667,0.7566666666666666
1,0.71,0.7266666666666667
1,0.7033333333333334,0.71
1,0.6966666666666667,0.7366666666666666
1,0.7,0.71
1,0.6866666666666668,0.7166666666666666
1,0.7066666666666667,0.7766666666666666
1,0.71,0.69
1,0.7233333333333334,0.7433333333333333
1,0.74,0.7300000000000001
1,0.6699999999999999,0.73
1,0.6933333333333334,0.7433333333333334
1,0.7133333333333333,0.7466666666666667
1,0.6966666666666667,0.7333333333333334
1,0.6699999999999999,0.77
1,0.6966666666666667,0.7366666666666667
1,0.7533333333333333,0.75
1,0.7099999999999999,0.7266666666666667
1,0.6966666666666667,0.71
1,0.7133333333333333,0.7366666666666667
1,0.6699999999999999,0.7266666666666668
1,0.6933333333333332,0.7366666666666667
1,0.6799999999999999,0.7433333333333334
1,0.7166666666666668,0.7333333333333333
1,0.7133333333333334,0.7133333333333333
1,0.6900000000000001,0.77
1,0.6966666666666665,0.7266666666666667
1,0.6899999999999998,0.7499999999999999
1,0.7033333333333334,0.7333333333333334
1,0.7366666666666666,0.7566666666666666
1,0.69,0.74
1,0.7366666666666667,0.7466666666666666
1,0.6966666666666667,0.7333333333333334
1,0.6799999999999999,0.7366666666666667
1,0.7133333333333333,0.7466666666666667
1,0.7133333333333333,0.7233333333333333
1,0.73,0.7366666666666668
1,0.7133333333333334,0.7300000000000001
1,0.72,0.7466666666666667
1,0.7133333333333333,0.7333333333333332
1,0.7233333333333334,0.74
1,0.7,0.7466666666666667
1,0.7366666666666667,0.7266666666666667
1,0.7033333333333334,0.74
1,0.6833333333333333,0.7133333333333333
1,0.6900000000000001,0.73
1,0.7466666666666667,0.7133333333333334
1,0.6966666666666667,0.74
1,0.7166666666666666,0.7499999999999999
1,0.6633333333333333,0.7699999999999999
1,0.6666666666666667,0.76
1,0.6766666666666666,0.7366666666666666
1,0.7066666666666666,0.76
1,0.7233333333333334,0.7466666666666666
1,0.7366666666666667,0.73
1,0.7033333333333334,0.7333333333333334
1,0.74,0.7466666666666666
1,0.7066666666666667,0.7699999999999999
1,0.7233333333333334,0.7466666666666667
1,0.7066666666666667,0.73
1,0.7166666666666668,0.7366666666666667
1,0.6933333333333332,0.7066666666666667
1,0.7233333333333334,0.7033333333333334
1,0.7166666666666666,0.7133333333333334
1,0.76,0.7733333333333332
1,0.6866666666666666,0.7166666666666667
1,0.6900000000000001,0.7466666666666667
1,0.69,0.7366666666666666
1,0.7,0.73
1,0.72,0.7033333333333334
1,0.6833333333333333,0.7466666666666667
1,0.7233333333333333,0.75
1,0.7266666666666666,0.7466666666666667
1,0.6766666666666667,0.7299999999999999
1,0.6833333333333333,0.7233333333333334
1,0.6866666666666666,0.7333333333333333
1,0.6966666666666667,0.7466666666666667
1,0.71,0.7366666666666667
1,0.7366666666666667,0.7566666666666666
1,0.7,0.74
1,0.7133333333333333,0.7566666666666666
1,0.74,0.7300000000000001
1,0.6966666666666665,0.76
1,0.72,0.7466666666666667
1,0.7,0.7366666666666666
1,0.71,0.7333333333333333
1,0.7166666666666667,0.74
1,0.6933333333333332,0.7466666666666667
1,0.6766666666666665,0.7533333333333334
1,0.7,0.7366666666666667
1,0.7033333333333333,0.73
1,0.7033333333333333,0.7733333333333333
1,0.6766666666666665,0.74
1,0.7133333333333333,0.7166666666666666
1,0.7133333333333334,0.7333333333333334
1,0.7133333333333333,0.74
1,0.7066666666666667,0.75
1,0.67,0.7233333333333334
1,0.6866666666666666,0.7133333333333334
1,0.7,0.7233333333333334
1,0.69,0.7233333333333334
1,0.7033333333333334,0.7566666666666666
1,0.7433333333333334,0.7466666666666667
1,0.6933333333333334,0.7300000000000001
1,0.71,0.7266666666666668
1,0.7133333333333334,0.74
1,0.7266666666666667,0.7333333333333332
1,0.7033333333333333,0.72
1,0.7233333333333333,0.7466666666666667
1,0.71,0.7366666666666667
1,0.6766666666666665,0.76
1,0.6799999999999999,0.7233333333333334
1,0.71,0.7266666666666667
1,0.7,0.7433333333333334
1,0.7033333333333334,0.7366666666666666
1,0.7166666666666667,0.76
1,0.7133333333333334,0.7100000000000001
1,0.68,0.72
1,0.7100000000000001,0.72
1,0.7266666666666667,0.7366666666666667
1,0.7433333333333333,0.74
1,0.6633333333333333,0.72
1,0.7300000000000001,0.7466666666666667
1,0.73,0.72
1,0.7300000000000001,0.7333333333333334
1,0.6933333333333332,0.7066666666666666
1,0.6633333333333333,0.7
1,0.7,0.7333333333333334
1,0.72,0.77
1,0.7033333333333334,0.7433333333333334
1,0.72,0.7500000000000001
1,0.7066666666666668,0.7366666666666667
1,0.6866666666666668,0.7366666666666667
1,0.7033333333333334,0.7433333333333334
1,0.7100000000000001,0.7266666666666667
1,0.6900000000000001,0.7300000000000001
1,0.7133333333333334,0.7200000000000001
1,0.75,0.76
1,0.6533333333333333,0.71
1,0.7233333333333333,0.7666666666666666
1,0.7166666666666666,0.74
1,0.7133333333333332,0.74
1,0.6799999999999999,0.7433333333333333
1,0.6633333333333333,0.7333333333333333
1,0.71,0.7300000000000001
1,0.72,0.73
1,0.6933333333333334,0.73
1,0.67,0.7300000000000001
1,0.7233333333333334,0.76
1,0.7,0.7433333333333334
1,0.6633333333333333,0.78
1,0.6900000000000001,0.7699999999999999
1,0.6833333333333333,0.7466666666666667
1,0.6900000000000001,0.7433333333333333
1,0.7333333333333334,0.7366666666666667
1,0.7266666666666668,0.7333333333333333
1,0.7033333333333334,0.74
1,0.7033333333333334,0.7200000000000001
1,0.7233333333333334,0.73
1,0.6833333333333333,0.7666666666666667
1,0.7,0.7333333333333333
1,0.6866666666666668,0.76
1,0.67,0.7466666666666667
1,0.72,0.7366666666666666
1,0.7133333333333333,0.7333333333333333
1,0.69,0.74
1,0.7333333333333334,0.7633333333333334
1,0.6933333333333334,0.7366666666666667
1,0.6833333333333333,0.71
1,0.6633333333333332,0.7299999999999999
1,0.7266666666666666,0.7233333333333334
1,0.7166666666666667,0.7433333333333334
1,0.7166666666666667,0.7433333333333334
1,0.6799999999999999,0.7499999999999999
1,0.7100000000000001,0.74
1,0.6666666666666667,0.7266666666666668
1,0.7166666666666667,0.7433333333333334
1,0.7133333333333333,0.7566666666666666
1,0.7166666666666667,0.7233333333333334
1,0.7133333333333333,0.7233333333333334
1,0.6966666666666665,0.7533333333333333
1,0.6833333333333333,0.7266666666666668
1,0.7166666666666667,0.7066666666666668
1,0.7,0.7633333333333334
1,0.7,0.74
1,0.7266666666666668,0.7466666666666667
1,0.71,0.75
1,0.7033333333333334,0.7366666666666666
1,0.7200000000000001,0.7333333333333334
1,0.7066666666666667,0.7200000000000001
1,0.6799999999999999,0.7500000000000001
1,0.7,0.7466666666666667
1,0.7200000000000001,0.7233333333333333
1,0.7566666666666666,0.7500000000000001
1,0.71,0.73
1,0.7266666666666667,0.7533333333333333
1,0.6566666666666666,0.7233333333333334
1,0.7266666666666667,0.7633333333333334
1,0.7100000000000001,0.7166666666666666
1,0.7166666666666667,0.7633333333333333
1,0.7166666666666666,0.7433333333333334
1,0.71,0.72
1,0.7066666666666667,0.7333333333333333
1,0.7133333333333333,0.7633333333333333
1,0.7333333333333333,0.7366666666666667
1,0.7,0.7233333333333333
1,0.7233333333333334,0.76
1,0.7266666666666667,0.73
1,0.7133333333333332,0.75
1,0.7233333333333334,0.73
1,0.7066666666666667,0.74
1,0.7166666666666666,0.7233333333333334
1,0.7266666666666668,0.7333333333333334
1,0.6933333333333334,0.7433333333333334
1,0.7233333333333333,0.73
1,0.7033333333333333,0.7233333333333334
1,0.7366666666666667,0.7733333333333334
1,0.6733333333333333,0.7366666666666667
1,0.7266666666666667,0.7666666666666667
1,0.6766666666666667,0.7266666666666667
1,0.6733333333333333,0.72
1,0.6966666666666667,0.76
1,0.7300000000000001,0.7533333333333333
1,0.6900000000000001,0.71
1,0.7133333333333333,0.7366666666666667
1,0.7,0.73
1,0.7133333333333334,0.7166666666666666
1,0.6666666666666667,0.7333333333333334
1,0.6966666666666667,0.7666666666666667
1,0.6666666666666667,0.7166666666666668
1,0.7,0.7366666666666667
1,0.6933333333333334,0.7200000000000001
1,0.6966666666666667,0.7166666666666667
1,0.73,0.73
1,0.74,0.73
1,0.68,0.7266666666666667
1,0.7,0.7366666666666667
1,0.7099999999999999,0.72
1,0.6900000000000001,0.73
1,0.6900000000000001,0.72
1,0.6766666666666667,0.7300000000000001
1,0.6966666666666665,0.7466666666666667
1,0.7066666666666667,0.7733333333333333
1,0.6799999999999999,0.7466666666666666
1,0.7133333333333333,0.7133333333333333
1,0.6666666666666667,0.7533333333333334
1,0.7533333333333333,0.7500000000000001
1,0.7066666666666667,0.7733333333333333
1,0.6733333333333335,0.7633333333333333
1,0.71,0.7366666666666666
1,0.7733333333333334,0.74
1,0.7366666666666667,0.7466666666666667
1,0.72,0.7433333333333334
1,0.6966666666666667,0.7466666666666667
1,0.6866666666666668,0.72
1,0.67,0.7433333333333333
1,0.7066666666666667,0.7266666666666667
1,0.7066666666666667,0.7166666666666666
1,0.6966666666666667,0.7433333333333334
1,0.6866666666666666,0.76
1,0.74,0.72
1,0.7066666666666667,0.7466666666666667
1,0.7366666666666666,0.74
1,0.7133333333333335,0.7300000000000001
1,0.7166666666666666,0.7699999999999999
1,0.6799999999999999,0.72
1,0.7133333333333334,0.7733333333333332
1,0.6666666666666666,0.7033333333333334
1,0.7333333333333333,0.7766666666666666
1,0.7000000000000001,0.72
1,0.74,0.7533333333333333
1,0.6966666666666665,0.7566666666666666
1,0.6866666666666668,0.7299999999999999
1,0.7066666666666668,0.7233333333333334
1,0.7,0.7
1,0.7133333333333335,0.7433333333333334
1,0.7066666666666667,0.7333333333333334
1,0.7,0.75
1,0.72,0.72
1,0.6799999999999999,0.7333333333333333
1,0.7166666666666668,0.71
1,0.7066666666666667,0.74
1,0.7133333333333333,0.72
1,0.69,0.74
1,0.71,0.75
1,0.6966666666666665,0.76
1,0.72,0.7366666666666667
1,0.71,0.7133333333333334
1,0.72,0.76
1,0.6966666666666667,0.7666666666666666
1,0.7066666666666667,0.7466666666666667
1,0.6566666666666667,0.69
1,0.6699999999999999,0.7366666666666667
1,0.72,0.74
1,0.6766666666666666,0.7300000000000001
1,0.7166666666666667,0.7499999999999999
1,0.6866666666666665,0.78
1,0.6866666666666666,0.7133333333333333
1,0.67,0.7666666666666667
1,0.6866666666666668,0.7533333333333333
1,0.7066666666666667,0.7366666666666667
1,0.6933333333333332,0.7433333333333333
1,0.71,0.7366666666666667
1,0.71,0.7100000000000001
1,0.69,0.7666666666666666
1,0.7133333333333333,0.7333333333333333
1,0.7133333333333333,0.74
1,0.7033333333333333,0.7266666666666667
1,0.7133333333333333,0.74
1,0.7233333333333333,0.7233333333333334
1,0.74,0.7533333333333335
1,0.7266666666666668,0.7333333333333333
1,0.73,0.7433333333333333
1,0.67,0.7366666666666667
1,0.6966666666666665,0.7266666666666668
1,0.7333333333333333,0.7466666666666667
1,0.7066666666666667,0.73
1,0.7300000000000001,0.75
1,0.7200000000000001,0.7266666666666668
1,0.6966666666666667,0.7333333333333333
1,0.6933333333333332,0.7033333333333334
1,0.6966666666666667,0.7233333333333334
1,0.7166666666666667,0.73
1,0.7033333333333334,0.7266666666666667
1,0.7166666666666666,0.7333333333333333
1,0.6666666666666667,0.74
1,0.7,0.7133333333333333
1,0.7033333333333334,0.7233333333333333
1,0.72,0.7366666666666666
1,0.71,0.76
1,0.71,0.7300000000000001
1,0.7033333333333334,0.7300000000000001
1,0.6966666666666668,0.7466666666666667
1,0.7,0.74
1,0.67,0.7
1,0.7433333333333333,0.7866666666666667
1,0.74,0.7566666666666667
1,0.6966666666666667,0.7633333333333333
1,0.7166666666666666,0.7633333333333333
1,0.7233333333333333,0.71
1,0.72,0.7300000000000001
1,0.72,0.7433333333333334
1,0.69,0.73
1,0.74,0.7433333333333334
1,0.7233333333333333,0.7500000000000001
1,0.6933333333333332,0.7266666666666667
1,0.7266666666666666,0.7333333333333333
1,0.7033333333333334,0.7366666666666666
1,0.7066666666666667,0.7333333333333334
1,0.72,0.7566666666666666
1,0.7133333333333333,0.73
1,0.71,0.74
1,0.7233333333333333,0.7633333333333333
1,0.7266666666666667,0.7466666666666667
1,0.7166666666666667,0.7333333333333334
1,0.7033333333333334,0.74
1,0.6866666666666668,0.7466666666666667
1,0.71,0.75
1,0.67,0.72
1,0.7100000000000001,0.7566666666666666
1,0.7033333333333334,0.7300000000000001
1,0.7433333333333333,0.76
1,0.6966666666666667,0.7366666666666666
1,0.7266666666666666,0.7333333333333333
1,0.6766666666666666,0.6900000000000001
1,0.6966666666666667,0.72
1,0.7066666666666668,0.7366666666666667
1,0.7266666666666668,0.7333333333333334
1,0.71,0.7166666666666666
1,0.6933333333333332,0.7466666666666667
1,0.6966666666666665,0.7433333333333333
1,0.72,0.7033333333333334
1,0.7099999999999999,0.7433333333333334
1,0.7033333333333333,0.7233333333333334
1,0.7166666666666666,0.7233333333333333
1,0.7233333333333334,0.7533333333333333
1,0.6966666666666667,0.74
1,0.7033333333333334,0.7466666666666667
1,0.72,0.7533333333333332
1,0.6933333333333334,0.7166666666666666
1,0.7033333333333334,0.7333333333333332
1,0.7300000000000001,0.77
1,0.6799999999999999,0.7633333333333333
1,0.6966666666666667,0.74
1,0.73,0.7466666666666667
1,0.7166666666666666,0.7366666666666666
1,0.7266666666666667,0.7666666666666666
1,0.7266666666666668,0.7333333333333334
1,0.6866666666666668,0.7466666666666666
1,0.6966666666666667,0.7300000000000001
1,0.72,0.7266666666666668
1,0.6966666666666667,0.75
1,0.7033333333333334,0.7300000000000001
1,0.6933333333333334,0.7533333333333332
1,0.73,0.7433333333333333
1,0.7133333333333333,0.7233333333333333
1,0.71,0.7233333333333334
1,0.7233333333333333,0.7533333333333333
1,0.7233333333333334,0.7533333333333334
1,0.7233333333333333,0.7833333333333334
1,0.7266666666666668,0.74
1,0.7,0.72
1,0.7066666666666666,0.7333333333333333
1,0.7,0.7666666666666667
1,0.7133333333333334,0.7433333333333333
1,0.7233333333333334,0.7433333333333334
1,0.7266666666666667,0.76
1,0.74,0.7333333333333334
1,0.7166666666666667,0.7266666666666667
1,0.7033333333333334,0.7433333333333334
1,0.6966666666666665,0.7466666666666667
1,0.73,0.7466666666666667
1,0.6899999999999998,0.7433333333333334
1,0.7133333333333333,0.7333333333333333
1,0.7333333333333333,0.7433333333333334
1,0.7,0.7633333333333334
1,0.7033333333333334,0.7299999999999999
1,0.7066666666666667,0.7466666666666667
1,0.7566666666666666,0.75
1,0.7033333333333334,0.7533333333333333
1,0.7166666666666667,0.76
1,0.7233333333333333,0.7266666666666666
1,0.72,0.7166666666666666
1,0.7166666666666667,0.76
1,0.7033333333333334,0.76
1,0.69,0.7466666666666667
1,0.7066666666666668,0.72
1,0.7,0.7666666666666667
1,0.6799999999999999,0.7266666666666667
1,0.72,0.7266666666666668
1,0.71,0.7366666666666666
1,0.6900000000000001,0.7266666666666667
1,0.73,0.7666666666666666
1,0.7,0.73
1,0.7300000000000001,0.7366666666666667
1,0.7066666666666668,0.7433333333333333
1,0.75,0.7566666666666666
1,0.6833333333333333,0.7333333333333334
1,0.7033333333333334,0.7533333333333333
1,0.6866666666666666,0.73
1,0.7066666666666667,0.74
1,0.7633333333333333,0.7533333333333333
1,0.72,0.7333333333333333
1,0.7066666666666667,0.7533333333333333
1,0.7233333333333334,0.7566666666666666
1,0.7466666666666667,0.7433333333333334
1,0.7233333333333334,0.74
1,0.7,0.7333333333333333
1,0.6733333333333335,0.74
1,0.6766666666666667,0.7033333333333333
1,0.7033333333333334,0.75
1,0.7,0.7533333333333333
1,0.7166666666666667,0.7533333333333333
1,0.6766666666666666,0.7533333333333333
1,0.6933333333333334,0.75
1,0.7,0.7466666666666666
1,0.7333333333333333,0.7366666666666666
1,0.69,0.7533333333333333
1,0.7300000000000001,0.75
1,0.7366666666666667,0.7366666666666667
1,0.6933333333333334,0.7433333333333333
1,0.6966666666666667,0.7233333333333333
1,0.7233333333333334,0.74
1,0.6733333333333333,0.7333333333333334
1,0.6866666666666668,0.7266666666666666
1,0.67,0.75
1,0.6933333333333332,0.7466666666666666
1,0.72,0.7366666666666667
1,0.6766666666666667,0.75
1,0.7066666666666667,0.7333333333333334
1,0.7066666666666667,0.7333333333333333
1,0.7133333333333333,0.7333333333333333
1,0.72,0.7366666666666667
1,0.7066666666666667,0.7366666666666667
1,0.7166666666666667,0.76
1,0.7133333333333333,0.75
1,0.7200000000000001,0.74
1,0.6866666666666668,0.7233333333333333
1,0.7,0.74
1,0.6566666666666667,0.7166666666666667
1,0.7100000000000001,0.7333333333333334
1,0.7166666666666667,0.74
1,0.6866666666666665,0.74
1,0.72,0.7533333333333333
1,0.6933333333333332,0.7233333333333334
1,0.6966666666666665,0.7466666666666666
1,0.6833333333333333,0.7266666666666666
1,0.6833333333333333,0.7366666666666666
1,0.7033333333333334,0.7333333333333334
1,0.7033333333333334,0.7666666666666666
1,0.7,0.75
1,0.7233333333333334,0.7533333333333333
1,0.6766666666666667,0.74
1,0.7366666666666666,0.7566666666666666
1,0.6666666666666667,0.7599999999999999
1,0.6900000000000001,0.7233333333333333
1,0.7,0.7466666666666666
1,0.6966666666666667,0.7566666666666666
1,0.6833333333333333,0.7566666666666666
1,0.6766666666666666,0.7433333333333334
1,0.7066666666666668,0.7533333333333333
1,0.7033333333333333,0.7066666666666667
1,0.72,0.7266666666666667
1,0.72,0.76
1,0.6533333333333333,0.7133333333333333
1,0.6900000000000001,0.76
1,0.6966666666666667,0.74
1,0.7433333333333334,0.7300000000000001
1,0.73,0.72
1,0.75,0.7333333333333334
1,0.6766666666666666,0.73
1,0.6966666666666667,0.75
1,0.7033333333333333,0.7333333333333333
1,0.7233333333333333,0.75
1,0.6766666666666667,0.7433333333333334
1,0.6900000000000001,0.7100000000000001
1,0.6933333333333334,0.7433333333333334
1,0.7166666666666666,0.7333333333333334
1,0.7366666666666666,0.7366666666666666
1,0.7033333333333334,0.7266666666666667
1,0.6900000000000001,0.7433333333333334
1,0.69,0.73
1,0.71,0.7366666666666667
1,0.7033333333333334,0.7466666666666667
1,0.7466666666666667,0.7666666666666666
1,0.73,0.7466666666666667
1,0.7166666666666667,0.73
1,0.7266666666666666,0.7766666666666666
1,0.74,0.7233333333333334
1,0.6866666666666666,0.7366666666666666
1,0.71,0.74
1,0.72,0.75
1,0.72,0.7066666666666667
1,0.7033333333333334,0.7733333333333332
1,0.7300000000000001,0.7266666666666667
1,0.7200000000000001,0.72
1,0.7366666666666666,0.75
1,0.7366666666666667,0.76
1,0.7066666666666667,0.7233333333333333
1,0.6766666666666666,0.7366666666666667
1,0.6900000000000001,0.7166666666666666
1,0.69,0.76
1,0.6833333333333333,0.73
1,0.6833333333333333,0.75
1,0.7366666666666666,0.7499999999999999
1,0.7033333333333334,0.7266666666666666
1,0.7066666666666667,0.7266666666666667
1,0.6933333333333332,0.7466666666666667
1,0.7,0.7333333333333334
1,0.7333333333333334,0.74
1,0.6966666666666665,0.74
1,0.7300000000000001,0.7266666666666668
1,0.72,0.7133333333333333
1,0.7033333333333333,0.7466666666666667
1,0.7,0.7333333333333334
1,0.6933333333333332,0.74
1,0.6966666666666667,0.7333333333333334
1,0.6933333333333332,0.7366666666666666
1,0.7866666666666667,0.74
1,0.6933333333333334,0.74
1,0.6933333333333334,0.73
1,0.6966666666666667,0.72
1,0.7200000000000001,0.7533333333333334
1,0.7333333333333333,0.7133333333333333
1,0.7366666666666667,0.7433333333333334
1,0.7033333333333334,0.74
1,0.7166666666666666,0.7433333333333334
1,0.72,0.7366666666666666
1,0.6799999999999999,0.7500000000000001
1,0.73,0.74
1,0.7266666666666668,0.7300000000000001
1,0.7133333333333333,0.7366666666666667
1,0.74,0.7233333333333333
1,0.7066666666666667,0.7333333333333333
1,0.7033333333333334,0.73
1,0.71,0.7166666666666667
1,0.6966666666666667,0.7266666666666667
1,0.6900000000000001,0.7033333333333333
1,0.6799999999999999,0.7333333333333333
1,0.6700000000000002,0.7266666666666668
1,0.6766666666666666,0.7333333333333333
1,0.6799999999999999,0.7566666666666666
1,0.6666666666666667,0.7066666666666667
1,0.73,0.7766666666666668
1,0.72,0.7466666666666667
1,0.7566666666666666,0.7566666666666667
1,0.6633333333333333,0.7533333333333334
1,0.73,0.73
1,0.75,0.7366666666666667
1,0.6866666666666668,0.7566666666666666
1,0.6833333333333333,0.7366666666666667
1,0.7033333333333334,0.7466666666666667
1,0.7133333333333334,0.75
1,0.7266666666666667,0.7333333333333334
1,0.7133333333333333,0.7333333333333333
1,0.7033333333333334,0.7466666666666666
1,0.7,0.7533333333333333
1,0.6799999999999999,0.74
1,0.6866666666666668,0.7466666666666667
1,0.6733333333333335,0.74
1,0.7033333333333333,0.7466666666666667
1,0.7033333333333335,0.7133333333333334
1,0.7266666666666667,0.7633333333333334
1,0.7333333333333334,0.74
1,0.71,0.7433333333333334
1,0.7066666666666667,0.7333333333333334
1,0.7333333333333332,0.7233333333333333
1,0.7033333333333334,0.7300000000000001
1,0.7133333333333333,0.7633333333333333
1,0.7,0.7366666666666667
1,0.7066666666666666,0.7433333333333334
1,0.7133333333333333,0.76
1,0.6866666666666668,0.7433333333333334
1,0.7166666666666667,0.7533333333333333
1,0.7133333333333333,0.7466666666666667
1,0.7100000000000001,0.7366666666666667
1,0.7366666666666666,0.7133333333333333
1,0.6866666666666665,0.7566666666666666
1,0.6899999999999998,0.7433333333333333
1,0.69,0.7300000000000001
1,0.7299999999999999,0.7433333333333334
1,0.72,0.7333333333333333
1,0.7033333333333334,0.7466666666666667
1,0.7133333333333333,0.7466666666666667
1,0.6866666666666666,0.71
1,0.72,0.7366666666666667
1,0.72,0.7133333333333333
1,0.7333333333333334,0.75
1,0.72,0.75
1,0.71,0.74
1,0.6900000000000001,0.7266666666666666
1,0.6833333333333333,0.72
1,0.7066666666666667,0.77
1,0.7166666666666666,0.72
1,0.7,0.74
1,0.6966666666666665,0.75
1,0.6966666666666667,0.7266666666666667
1,0.7233333333333334,0.7366666666666667
1,0.72,0.7333333333333334
1,0.6833333333333333,0.7566666666666667
1,0.6966666666666665,0.7466666666666667
1,0.7233333333333334,0.7466666666666666
1,0.71,0.7033333333333334
1,0.69,0.71
1,0.72,0.7733333333333333
1,0.7366666666666666,0.7466666666666666
1,0.7233333333333334,0.7266666666666667
1,0.7133333333333333,0.76
1,0.71,0.7466666666666668
1,0.6933333333333332,0.7166666666666666
1,0.6866666666666665,0.7533333333333333
1,0.6866666666666666,0.7633333333333333
1,0.7,0.7266666666666668
1,0.7066666666666667,0.7266666666666667
1,0.71,0.74
1,0.7233333333333333,0.76
1,0.7,0.7433333333333334
1,0.7366666666666667,0.7633333333333334
1,0.7233333333333333,0.75
1,0.73,0.71
1,0.6966666666666665,0.7466666666666667
1,0.6833333333333333,0.7000000000000001
1,0.7233333333333333,0.7266666666666667
1,0.7,0.7366666666666666
1,0.7,0.7233333333333334
1,0.7033333333333334,0.72
1,0.7233333333333333,0.7266666666666667
1,0.6799999999999999,0.77
1,0.71,0.7400000000000001
1,0.67,0.7433333333333334
1,0.7066666666666667,0.7200000000000001
1,0.73,0.7366666666666667
1,0.7,0.75
1,0.69,0.7433333333333334
1,0.6733333333333332,0.7300000000000001
1,0.73,0.7366666666666666
1,0.7066666666666666,0.7366666666666667
1,0.7366666666666667,0.7333333333333333
1,0.7066666666666667,0.7666666666666666
1,0.7266666666666667,0.7633333333333333
1,0.7333333333333333,0.76
1,0.6933333333333334,0.7333333333333333
1,0.6933333333333334,0.6966666666666667
1,0.6933333333333332,0.7333333333333334
1,0.6966666666666665,0.7233333333333334
1,0.72,0.75
1,0.6966666666666667,0.7466666666666666
1,0.72,0.77
1,0.6866666666666666,0.7466666666666667
1,0.7133333333333333,0.73
1,0.69,0.75
1,0.6766666666666666,0.75
1,0.6766666666666667,0.7366666666666666
1,0.6799999999999999,0.74
1,0.7066666666666667,0.7466666666666667
1,0.72,0.74
1,0.6799999999999999,0.7566666666666667
1,0.7333333333333333,0.7566666666666666
1,0.72,0.7566666666666667
1,0.6666666666666666,0.7633333333333333
1,0.7300000000000001,0.76
1,0.6733333333333333,0.7333333333333333
1,0.71,0.7133333333333333
1,0.7300000000000001,0.7333333333333334
1,0.7233333333333334,0.7566666666666666
1,0.6933333333333332,0.76
1,0.7033333333333334,0.73
1,0.6933333333333334,0.7166666666666667
1,0.73,0.7266666666666667
1,0.7133333333333333,0.7333333333333333
1,0.7066666666666667,0.7433333333333334
1,0.7266666666666668,0.7199999999999999
1,0.7266666666666668,0.73
1,0.6699999999999999,0.7566666666666666
1,0.74,0.7266666666666668
1,0.6933333333333334,0.7366666666666666
1,0.6766666666666665,0.7133333333333334
1,0.7233333333333334,0.7266666666666667
1,0.7033333333333334,0.7366666666666667
1,0.7133333333333332,0.7266666666666667
1,0.7266666666666667,0.7333333333333333
1,0.7233333333333334,0.7333333333333334
1,0.7066666666666668,0.7033333333333333
1,0.6966666666666665,0.7333333333333334
1,0.6866666666666668,0.74
1,0.7166666666666666,0.7366666666666667
1,0.6799999999999999,0.7533333333333334
1,0.6900000000000001,0.7333333333333334
1,0.7200000000000001,0.7333333333333334
1,0.6966666666666667,0.7433333333333333
1,0.6966666666666665,0.7366666666666667
1,0.7033333333333333,0.73
1,0.7033333333333334,0.76
1,0.6833333333333333,0.7466666666666667
1,0.6699999999999999,0.71
1,0.7366666666666666,0.7433333333333334
1,0.71,0.7233333333333333
1,0.6966666666666665,0.7166666666666667
1,0.7033333333333334,0.7133333333333333
1,0.67,0.7300000000000001
1,0.6999999999999998,0.7333333333333334
1,0.7066666666666667,0.7233333333333334
1,0.7266666666666667,0.7633333333333333
1,0.7200000000000001,0.7666666666666666
1,0.7466666666666667,0.7433333333333334
1,0.6966666666666667,0.7433333333333333
1,0.7133333333333333,0.7166666666666667
1,0.7133333333333333,0.73
1,0.6666666666666666,0.76
1,0.69,0.7300000000000001
1,0.7266666666666667,0.7033333333333334
1,0.6933333333333334,0.7566666666666666
1,0.7233333333333333,0.7466666666666667
1,0.7366666666666666,0.7066666666666667
1,0.7299999999999999,0.76
1,0.6933333333333334,0.7333333333333334
1,0.6833333333333333,0.7033333333333334
1,0.7133333333333334,0.7366666666666666
1,0.71,0.74
1,0.7066666666666667,0.7133333333333334
1,0.6766666666666666,0.72
1,0.7266666666666667,0.7233333333333334
1,0.7033333333333334,0.74
1,0.7233333333333334,0.7266666666666666
1,0.6966666666666667,0.7366666666666666
1,0.7,0.7533333333333333
1,0.6833333333333333,0.7133333333333334
1,0.6799999999999999,0.7566666666666666
1,0.7099999999999999,0.7433333333333334
1,0.69,0.7266666666666666
1,0.6933333333333334,0.76
1,0.7633333333333333,0.7266666666666667
1,0.6900000000000001,0.74
1,0.74,0.7833333333333333
1,0.72,0.74
1,0.7166666666666666,0.7100000000000001
1,0.7066666666666667,0.74
1,0.7,0.7366666666666667
1,0.7266666666666667,0.7733333333333333
1,0.72,0.7533333333333333
1,0.71,0.7133333333333333
1,0.6833333333333333,0.75
1,0.6833333333333333,0.74
1,0.7099999999999999,0.74
1,0.6966666666666665,0.7533333333333333
1,0.7133333333333333,0.7266666666666668
1,0.7166666666666666,0.7133333333333333
1,0.7266666666666667,0.73
1,0.7266666666666667,0.78
1,0.7133333333333334,0.7533333333333334
1,0.7233333333333334,0.74
1,0.7066666666666667,0.7266666666666667
1,0.6833333333333333,0.7566666666666666
1,0.6866666666666668,0.7300000000000001
1,0.7066666666666667,0.7466666666666667
1,0.7,0.7466666666666667
1,0.7333333333333334,0.75
1,0.7566666666666667,0.7666666666666668
1,0.71,0.7566666666666666
1,0.6666666666666666,0.73
1,0.6866666666666666,0.7466666666666667
1,0.7033333333333334,0.6833333333333333
1,0.7099999999999999,0.74
1,0.6833333333333333,0.72
1,0.6599999999999999,0.7533333333333332
1,0.6933333333333332,0.7433333333333334
1,0.6733333333333333,0.7966666666666666
1,0.7366666666666667,0.71
1,0.6766666666666666,0.7533333333333333
1,0.6933333333333332,0.7299999999999999
1,0.7466666666666667,0.7533333333333333
1,0.7233333333333333,0.7166666666666666
1,0.7166666666666666,0.74
1,0.7200000000000001,0.74
1,0.6866666666666668,0.7266666666666667
1,0.7100000000000001,0.7333333333333334
1,0.7033333333333334,0.7666666666666666
1,0.6733333333333333,0.7300000000000001
1,0.7166666666666667,0.7366666666666667
1,0.7,0.7366666666666666
1,0.71,0.7566666666666666
1,0.7133333333333334,0.7300000000000001
1,0.6966666666666667,0.72
2,0.7266666666666667,0.7033333333333334
2,0.7,0.7433333333333334
2,0.71,0.7366666666666667
2,0.6633333333333333,0.7433333333333334
2,0.7100000000000002,0.7466666666666667
2,0.7033333333333331,0.7666666666666667
2,0.7466666666666667,0.7433333333333334
2,0.69,0.7366666666666667
2,0.7066666666666667,0.7266666666666666
2,0.6599999999999999,0.74
2,0.6866666666666668,0.7366666666666667
2,0.7333333333333333,0.74
2,0.7033333333333334,0.7466666666666667
2,0.73,0.7233333333333333
2,0.7066666666666667,0.7366666666666667
2,0.7133333333333333,0.74
2,0.6866666666666666,0.7333333333333333
2,0.6966666666666668,0.7333333333333333
2,0.7333333333333334,0.75
2,0.6833333333333333,0.7366666666666667
2,0.7333333333333333,0.72
2,0.6933333333333334,0.75
2,0.6866666666666666,0.7366666666666667
2,0.6900000000000001,0.71
2,0.72,0.74
2,0.6866666666666666,0.7433333333333334
2,0.7066666666666668,0.7266666666666667
2,0.7433333333333333,0.7466666666666667
2,0.7033333333333334,0.7299999999999999
2,0.7066666666666667,0.7566666666666666
2,0.7333333333333334,0.7566666666666666
2,0.72,0.7466666666666667
2,0.7366666666666666,0.7233333333333334
2,0.73,0.74
2,0.6933333333333334,0.7366666666666667
2,0.7166666666666666,0.74
2,0.71,0.7333333333333333
2,0.6900000000000001,0.6933333333333334
2,0.6533333333333333,0.72
2,0.6900000000000001,0.7566666666666666
2,0.7133333333333333,0.7466666666666667
2,0.6833333333333332,0.7233333333333334
2,0.71,0.7166666666666667
2,0.7600000000000001,0.7600000000000001
2,0.71,0.7466666666666667
2,0.6933333333333332,0.76
2,0.6566666666666667,0.71
2,0.72,0.7566666666666666
2,0.7166666666666667,0.7166666666666666
2,0.6866666666666668,0.7366666666666667
2,0.69,0.7366666666666666
2,0.6966666666666667,0.7566666666666666
2,0.7133333333333333,0.7633333333333333
2,0.6799999999999999,0.73
2,0.71,0.75
2,0.7533333333333333,0.75
2,0.7266666666666666,0.74
2,0.7133333333333335,0.7133333333333333
2,0.6900000000000001,0.7433333333333333
2,0.72,0.7200000000000001
2,0.7366666666666666,0.75
2,0.72,0.7266666666666667
2,0.6866666666666666,0.7333333333333333
2,0.74,0.7366666666666666
2,0.6799999999999999,0.75
2,0.7133333333333333,0.7133333333333334
2,0.7,0.7466666666666667
2,0.69,0.72
2,0.7266666666666667,0.7366666666666667
2,0.6733333333333333,0.75
2,0.6799999999999999,0.7633333333333333
2,0.72,0.7066666666666666
2,0.6933333333333334,0.7433333333333333
2,0.6666666666666666,0.72
2,0.6833333333333333,0.7433333333333334
2,0.6966666666666667,0.7466666666666666
2,0.6966666666666667,0.7266666666666667
2,0.7,0.7433333333333334
2,0.74,0.73
2,0.6866666666666665,0.7433333333333333
2,0.6966666666666667,0.7466666666666667
2,0.6966666666666665,0.7333333333333333
2,0.6833333333333333,0.7433333333333334
2,0.6933333333333334,0.7433333333333333
2,0.73,0.7333333333333334
2,0.7,0.7433333333333334
2,0.6833333333333333,0.7433333333333333
2,0.67,0.7466666666666666
2,0.7133333333333333,0.77
2,0.6966666666666665,0.77
2,0.7266666666666667,0.76
2,0.72,0.7633333333333333
2,0.6966666666666667,0.7566666666666667
2,0.7033333333333334,0.7333333333333333
2,0.75,0.75
2,0.7266666666666667,0.72
2,0.6799999999999999,0.76
2,0.7333333333333333,0.7500000000000001
2,0.7133333333333333,0.7333333333333334
2,0.6833333333333333,0.7366666666666666
2,0.7133333333333333,0.7233333333333334
2,0.6933333333333332,0.74
2,0.7033333333333334,0.7433333333333334
2,0.7099999999999999,0.7233333333333334
2,0.7066666666666667,0.7566666666666666
2,0.7066666666666667,0.7366666666666667
2,0.7200000000000001,0.7500000000000001
2,0.71,0.75
2,0.7133333333333332,0.7566666666666666
2,0.7133333333333333,0.78
2,0.6933333333333334,0.7133333333333333
2,0.7466666666666667,0.7633333333333333
2,0.7133333333333333,0.7633333333333334
2,0.6666666666666667,0.7466666666666668
2,0.6833333333333333,0.74
2,0.7166666666666666,0.7533333333333333
2,0.7233333333333334,0.7299999999999999
2,0.6866666666666668,0.7366666666666667
2,0.6866666666666668,0.7166666666666666
2,0.7033333333333334,0.7133333333333334
2,0.7233333333333333,0.7333333333333333
2,0.7366666666666666,0.74
2,0.7166666666666666,0.7366666666666666
2,0.6966666666666665,0.7633333333333334
2,0.6900000000000001,0.71
2,0.7166666666666666,0.74
2,0.6933333333333334,0.75
2,0.7166666666666666,0.7333333333333333
2,0.7233333333333334,0.7466666666666667
2,0.6799999999999999,0.7366666666666667
2,0.75,0.75
2,0.7166666666666667,0.76
2,0.7200000000000001,0.7566666666666666
2,0.7333333333333334,0.74
2,0.7166666666666666,0.7533333333333334
2,0.7233333333333334,0.7200000000000001
2,0.7066666666666667,0.7433333333333334
2,0.6966666666666667,0.7533333333333334
2,0.72,0.6966666666666667
2,0.7033333333333333,0.7266666666666667
2,0.7166666666666666,0.7466666666666667
2,0.72,0.7366666666666667
2,0.6900000000000001,0.74
2,0.7033333333333334,0.7733333333333332
2,0.7466666666666667,0.7133333333333333
2,0.6900000000000001,0.7133333333333333
2,0.7299999999999999,0.7466666666666667
2,0.7266666666666667,0.74
2,0.7133333333333333,0.7566666666666666
2,0.6966666666666667,0.7533333333333334
2,0.6833333333333333,0.74
2,0.7099999999999999,0.7366666666666666
2,0.6933333333333332,0.7233333333333333
2,0.7233333333333333,0.7566666666666666
2,0.73,0.7533333333333332
2,0.73,0.7633333333333334
2,0.6900000000000001,0.7566666666666667
2,0.7433333333333334,0.77
2,0.6933333333333332,0.76
2,0.7333333333333334,0.7466666666666667
2,0.7200000000000001,0.7633333333333334
2,0.7166666666666666,0.74
2,0.72,0.73
2,0.6799999999999999,0.7533333333333333
2,0.7166666666666666,0.7533333333333333
2,0.7266666666666667,0.7300000000000001
2,0.6866666666666668,0.7466666666666667
2,0.7233333333333334,0.7700000000000001
2,0.7066666666666667,0.7333333333333334
2,0.6966666666666665,0.7233333333333334
2,0.7266666666666666,0.7533333333333333
2,0.7066666666666666,0.7533333333333333
2,0.6733333333333333,0.7333333333333334
2,0.6900000000000001,0.7366666666666666
2,0.7133333333333334,0.7533333333333333
2,0.6833333333333333,0.7266666666666667
2,0.72,0.71
2,0.6766666666666666,0.7566666666666666
2,0.71,0.7266666666666667
2,0.7366666666666666,0.71
2,0.6933333333333334,0.7366666666666666
2,0.7266666666666668,0.71
2,0.6933333333333334,0.7166666666666666
2,0.72,0.7766666666666666
2,0.6766666666666666,0.69
2,0.7,0.7433333333333333
2,0.6933333333333332,0.7300000000000001
2,0.6566666666666665,0.73
2,0.6733333333333332,0.7433333333333334
2,0.72,0.7466666666666667
2,0.6900000000000001,0.7333333333333334
2,0.6566666666666665,0.77
2,0.7366666666666667,0.7366666666666667
2,0.7200000000000001,0.75
2,0.7166666666666666,0.7266666666666667
2,0.72,0.71
2,0.6900000000000001,0.7366666666666667
2,0.6866666666666668,0.7266666666666668
2,0.6733333333333333,0.7366666666666667
2,0.7433333333333334,0.7433333333333334
2,0.6966666666666665,0.7333333333333333
2,0.7133333333333334,0.7133333333333333
2,0.7266666666666666,0.77
2,0.7233333333333334,0.7266666666666667
2,0.6933333333333331,0.7499999999999999
2,0.7266666666666667,0.7333333333333334
2,0.7166666666666666,0.7566666666666666
2,0.7033333333333334,0.74
2,0.6933333333333334,0.7466666666666666
2,0.69,0.7333333333333334
2,0.7133333333333334,0.7366666666666667
2,0.6933333333333334,0.7466666666666667
2,0.7,0.7233333333333333
2,0.7,0.7366666666666668
2,0.72,0.7300000000000001
2,0.7466666666666666,0.7466666666666667
2,0.7133333333333333,0.7333333333333332
2,0.7033333333333334,0.74
2,0.7166666666666666,0.7466666666666667
2,0.7533333333333333,0.7266666666666667
2,0.6933333333333332,0.74
2,0.6699999999999999,0.7133333333333333
2,0.6900000000000001,0.73
2,0.71,0.7133333333333334
2,0.6866666666666666,0.74
2,0.6900000000000001,0.7499999999999999
2,0.6966666666666665,0.7699999999999999
2,0.6933333333333334,0.76
2,0.6966666666666665,0.7366666666666666
2,0.71,0.76
2,0.7133333333333334,0.7466666666666666
2,0.73,0.73
2,0.7233333333333334,0.7333333333333334
2,0.7033333333333333,0.7466666666666666
2,0.6699999999999999,0.7699999999999999
2,0.7166666666666666,0.7466666666666667
2,0.7366666666666667,0.73
2,0.71,0.7366666666666667
2,0.7233333333333334,0.7066666666666667
2,0.7166666666666666,0.7033333333333334
2,0.7166666666666666,0.7133333333333334
2,0.7299999999999999,0.7733333333333332
2,0.7099999999999999,0.7166666666666667
2,0.67,0.7466666666666667
2,0.6933333333333334,0.7366666666666666
2,0.6966666666666667,0.73
2,0.6966666666666667,0.7033333333333334
2,0.7333333333333334,0.7466666666666667
2,0.7066666666666667,0.75
2,0.74,0.7466666666666667
2,0.71,0.7299999999999999
2,0.67,0.7233333333333334
2,0.7133333333333333,0.7333333333333333
2,0.73,0.7466666666666667
2,0.6799999999999999,0.7366666666666667
2,0.7266666666666667,0.7566666666666666
2,0.6766666666666666,0.74
2,0.75,0.7566666666666666
2,0.7266666666666666,0.7300000000000001
2,0.7233333333333334,0.76
2,0.6866666666666666,0.7466666666666667
2,0.6933333333333334,0.7366666666666666
2,0.7266666666666667,0.7333333333333333
2,0.7033333333333334,0.74
2,0.6866666666666666,0.7466666666666667
2,0.73,0.7533333333333334
2,0.6966666666666665,0.7366666666666667
2,0.7366666666666666,0.73
2,0.6933333333333332,0.7733333333333333
2,0.7333333333333334,0.74
2,0.6866666666666666,0.7166666666666666
2,0.6833333333333333,0.7333333333333334
2,0.6599999999999999,0.74
2,0.6733333333333333,0.75
2,0.69,0.7233333333333334
2,0.6833333333333333,0.7133333333333334
2,0.7300000000000001,0.7233333333333334
2,0.7266666666666668,0.7233333333333334
2,0.72,0.7566666666666666
2,0.7166666666666666,0.7466666666666667
2,0.6900000000000001,0.7300000000000001
2,0.6933333333333334,0.7266666666666668
2,0.6866666666666666,0.74
2,0.6966666666666665,0.7333333333333332
2,0.71,0.72
2,0.7066666666666667,0.7466666666666667
2,0.7066666666666668,0.7366666666666667
2,0.6766666666666665,0.76
2,0.7200000000000001,0.7233333333333334
2,0.7366666666666666,0.7266666666666667
2,0.6566666666666666,0.7433333333333334
2,0.7133333333333334,0.7366666666666666
2,0.6933333333333334,0.76
2,0.7033333333333334,0.7100000000000001
2,0.7166666666666667,0.72
2,0.73,0.72
2,0.6866666666666666,0.7366666666666667
2,0.72,0.74
2,0.7033333333333334,0.72
2,0.6866666666666666,0.7466666666666667
2,0.7233333333333333,0.72
2,0.7066666666666667,0.7333333333333334
2,0.7,0.7066666666666666
2,0.71,0.7
2,0.7433333333333333,0.7333333333333334
2,0.6833333333333333,0.77
2,0.7033333333333333,0.7433333333333334
2,0.7,0.7500000000000001
2,0.6933333333333332,0.7366666666666667
2,0.6833333333333333,0.7366666666666667
2,0.71,0.7433333333333334
2,0.7166666666666668,0.7266666666666667
2,0.6900000000000001,0.7300000000000001
2,0.7,0.7200000000000001
2,0.7566666666666666,0.76
2,0.6599999999999999,0.71
2,0.7266666666666668,0.7666666666666666
2,0.7133333333333333,0.74
2,0.7033333333333334,0.74
2,0.7433333333333333,0.7433333333333333
2,0.6799999999999999,0.7333333333333333
2,0.7133333333333334,0.7300000000000001
2,0.6966666666666667,0.73
2,0.7299999999999999,0.73
2,0.7033333333333334,0.7300000000000001
2,0.6766666666666666,0.76
2,0.72,0.7433333333333334
2,0.7133333333333333,0.78
2,0.7266666666666668,0.7699999999999999
2,0.6833333333333333,0.7466666666666667
2,0.7133333333333333,0.7433333333333333
2,0.7066666666666668,0.7366666666666667
2,0.72,0.7333333333333333
2,0.6900000000000001,0.74
2,0.7066666666666667,0.7200000000000001
2,0.72,0.73
2,0.7033333333333334,0.7666666666666667
2,0.64,0.7333333333333333
2,0.7066666666666667,0.76
2,0.6666666666666667,0.7466666666666667
2,0.7166666666666667,0.7366666666666666
2,0.7266666666666668,0.7333333333333333
2,0.7033333333333333,0.74
2,0.7033333333333334,0.7633333333333334
2,0.7266666666666668,0.7366666666666667
2,0.69,0.71
2,0.72,0.7299999999999999
2,0.7166666666666666,0.7233333333333334
2,0.72,0.7433333333333334
2,0.7066666666666667,0.7433333333333334
2,0.71,0.7499999999999999
2,0.6866666666666666,0.74
2,0.6833333333333333,0.7266666666666668
2,0.7333333333333334,0.7433333333333334
2,0.7466666666666667,0.7566666666666666
2,0.7133333333333334,0.7233333333333334
2,0.71,0.7233333333333334
2,0.7166666666666666,0.7533333333333333
2,0.72,0.7266666666666668
2,0.7133333333333334,0.7066666666666668
2,0.7366666666666667,0.7633333333333334
2,0.7300000000000001,0.74
2,0.7233333333333334,0.7466666666666667
2,0.7266666666666667,0.75
2,0.69,0.7366666666666666
2,0.7,0.7333333333333334
2,0.6933333333333334,0.7200000000000001
2,0.7066666666666668,0.7500000000000001
2,0.6833333333333333,0.7466666666666667
2,0.7,0.7233333333333333
2,0.74,0.7500000000000001
2,0.7100000000000001,0.73
2,0.7233333333333333,0.7533333333333333
2,0.6633333333333333,0.7233333333333334
2,0.7000000000000001,0.7633333333333334
2,0.72,0.7166666666666666
2,0.7100000000000001,0.7633333333333333
2,0.7333333333333333,0.7433333333333334
2,0.7,0.72
2,0.71,0.7333333333333333
2,0.7300000000000001,0.7633333333333333
2,0.7566666666666667,0.7366666666666667
2,0.7566666666666666,0.7233333333333333
2,0.7166666666666666,0.76
2,0.7533333333333332,0.73
2,0.75,0.75
2,0.6966666666666665,0.73
2,0.7333333333333332,0.74
2,0.7,0.7233333333333334
2,0.71,0.7333333333333334
2,0.7133333333333333,0.7433333333333334
2,0.7366666666666667,0.73
2,0.7033333333333334,0.7233333333333334
2,0.72,0.7733333333333334
2,0.7,0.7366666666666667
2,0.7133333333333334,0.7666666666666667
2,0.7000000000000001,0.7266666666666667
2,0.7166666666666667,0.72
2,0.68,0.76
2,0.7,0.7533333333333333
2,0.7066666666666667,0.71
2,0.7033333333333334,0.7366666666666667
2,0.6966666666666667,0.73
2,0.6699999999999999,0.7166666666666666
2,0.7200000000000001,0.7333333333333334
2,0.7,0.7666666666666667
2,0.6833333333333333,0.7166666666666668
2,0.7066666666666667,0.7366666666666667
2,0.71,0.7200000000000001
2,0.7,0.7166666666666667
2,0.7466666666666667,0.73
2,0.6866666666666666,0.73
2,0.6933333333333334,0.7266666666666667
2,0.7133333333333333,0.7366666666666667
2,0.6933333333333334,0.72
2,0.7333333333333334,0.73
2,0.69,0.72
2,0.6599999999999999,0.7300000000000001
2,0.7033333333333334,0.7466666666666667
2,0.7166666666666666,0.7733333333333333
2,0.7366666666666667,0.7466666666666666
2,0.6900000000000001,0.7133333333333333
2,0.65,0.7533333333333334
2,0.74,0.7500000000000001
2,0.7,0.7733333333333333
2,0.7266666666666667,0.7633333333333333
2,0.7033333333333333,0.7366666666666666
2,0.7333333333333334,0.74
2,0.7133333333333332,0.7466666666666667
2,0.73,0.7433333333333334
2,0.73,0.7466666666666667
2,0.7066666666666667,0.72
2,0.69,0.7433333333333333
2,0.7099999999999999,0.7266666666666667
2,0.7166666666666667,0.7166666666666666
2,0.71,0.7433333333333334
2,0.7400000000000001,0.76
2,0.7,0.72
2,0.6966666666666667,0.7466666666666667
2,0.7333333333333333,0.74
2,0.7066666666666667,0.7300000000000001
2,0.6866666666666666,0.7699999999999999
2,0.6966666666666667,0.72
2,0.7266666666666668,0.7733333333333332
2,0.6866666666666666,0.7033333333333334
2,0.71,0.7766666666666666
2,0.7566666666666666,0.72
2,0.74,0.7533333333333333
2,0.72,0.7566666666666666
2,0.6933333333333334,0.7299999999999999
2,0.7366666666666667,0.7233333333333334
2,0.71,0.7
2,0.7233333333333334,0.7433333333333334
2,0.7433333333333334,0.7333333333333334
2,0.7000000000000001,0.75
2,0.6733333333333333,0.72
2,0.7,0.7333333333333333
2,0.6799999999999999,0.71
2,0.7033333333333334,0.74
2,0.7299999999999999,0.72
2,0.6733333333333333,0.74
2,0.69,0.75
2,0.6833333333333333,0.76
2,0.67,0.7366666666666667
2,0.72,0.7133333333333334
2,0.7466666666666667,0.76
2,0.7233333333333333,0.7666666666666666
2,0.7033333333333333,0.7466666666666667
2,0.6933333333333334,0.69
2,0.69,0.7366666666666667
2,0.75,0.74
2,0.7033333333333333,0.7300000000000001
2,0.7,0.7499999999999999
2,0.6733333333333333,0.78
2,0.6666666666666667,0.7133333333333333
2,0.73,0.7666666666666667
2,0.6766666666666665,0.7533333333333333
2,0.7,0.7366666666666667
2,0.7066666666666667,0.7433333333333333
2,0.6900000000000001,0.7366666666666667
2,0.7,0.7100000000000001
2,0.6966666666666667,0.7666666666666666
2,0.6533333333333333,0.7333333333333333
2,0.6833333333333332,0.74
2,0.72,0.7266666666666667
2,0.7133333333333334,0.74
2,0.71,0.7233333333333334
2,0.7066666666666666,0.7533333333333335
2,0.7033333333333334,0.7333333333333333
2,0.7100000000000001,0.7433333333333333
2,0.6900000000000001,0.7366666666666667
2,0.6933333333333334,0.7266666666666668
2,0.7133333333333334,0.7466666666666667
2,0.69,0.73
2,0.73,0.75
2,0.7,0.7266666666666668
2,0.7166666666666667,0.7333333333333333
2,0.6766666666666666,0.7033333333333334
2,0.6599999999999999,0.7233333333333334
2,0.74,0.73
2,0.68,0.7266666666666667
2,0.67,0.7333333333333333
2,0.7066666666666666,0.74
2,0.7133333333333333,0.7133333333333333
2,0.74,0.7233333333333333
2,0.7033333333333334,0.7366666666666666
2,0.7266666666666668,0.76
2,0.71,0.7300000000000001
2,0.7,0.7300000000000001
2,0.6933333333333332,0.7466666666666667
2,0.6833333333333333,0.74
2,0.6866666666666666,0.7
2,0.7233333333333333,0.7866666666666667
2,0.7233333333333333,0.7566666666666667
2,0.7333333333333333,0.7633333333333333
2,0.7166666666666666,0.7633333333333333
2,0.6866666666666666,0.71
2,0.71,0.7300000000000001
2,0.7233333333333334,0.7433333333333334
2,0.7,0.73
2,0.6633333333333333,0.7433333333333334
2,0.6933333333333334,0.7500000000000001
2,0.7,0.7266666666666667
2,0.6900000000000001,0.7333333333333333
2,0.7033333333333333,0.7366666666666666
2,0.7366666666666667,0.7333333333333334
2,0.7299999999999999,0.7566666666666666
2,0.69,0.73
2,0.71,0.74
2,0.7066666666666667,0.7633333333333333
2,0.7133333333333333,0.7466666666666667
2,0.7166666666666666,0.7333333333333334
2,0.7,0.74
2,0.68,0.7466666666666667
2,0.6933333333333334,0.75
2,0.73,0.72
2,0.6566666666666667,0.7566666666666666
2,0.6766666666666666,0.7300000000000001
2,0.6833333333333333,0.76
2,0.7033333333333334,0.7366666666666666
2,0.7300000000000001,0.7333333333333333
2,0.6933333333333334,0.6900000000000001
2,0.7366666666666667,0.72
2,0.72,0.7366666666666667
2,0.7466666666666667,0.7333333333333334
2,0.6799999999999999,0.7166666666666666
2,0.7266666666666667,0.7466666666666667
2,0.7433333333333333,0.7433333333333333
2,0.7100000000000001,0.7033333333333334
2,0.6900000000000001,0.7433333333333334
2,0.7033333333333333,0.7233333333333334
2,0.6900000000000001,0.7233333333333333
2,0.7233333333333334,0.7533333333333333
2,0.6799999999999999,0.74
2,0.7133333333333333,0.7466666666666667
2,0.7333333333333333,0.7533333333333332
2,0.6799999999999999,0.7166666666666666
2,0.7133333333333333,0.7333333333333332
2,0.6866666666666668,0.77
2,0.7,0.7633333333333333
2,0.7333333333333334,0.74
2,0.71,0.7466666666666667
2,0.69,0.7366666666666666
2,0.7133333333333334,0.7666666666666666
2,0.6833333333333333,0.7333333333333334
2,0.7200000000000001,0.7466666666666666
2,0.72,0.7300000000000001
2,0.7066666666666667,0.7266666666666668
2,0.6799999999999999,0.75
2,0.73,0.7300000000000001
2,0.6866666666666668,0.7533333333333332
2,0.72,0.7433333333333333
2,0.7466666666666667,0.7233333333333333
2,0.7066666666666668,0.7233333333333334
2,0.73,0.7533333333333333
2,0.7,0.7533333333333334
2,0.6933333333333334,0.7833333333333334
2,0.7233333333333334,0.74
2,0.7133333333333333,0.72
2,0.7066666666666667,0.7333333333333333
2,0.7166666666666666,0.7666666666666667
2,0.7133333333333333,0.7433333333333333
2,0.7166666666666666,0.7433333333333334
2,0.7,0.76
2,0.6933333333333332,0.7333333333333334
2,0.72,0.7266666666666667
2,0.6799999999999999,0.7433333333333334
2,0.7133333333333333,0.7466666666666667
2,0.7333333333333334,0.7466666666666667
2,0.7033333333333334,0.7433333333333334
2,0.72,0.7333333333333333
2,0.7266666666666667,0.7433333333333334
2,0.6733333333333333,0.7633333333333334
2,0.7266666666666666,0.7299999999999999
2,0.6933333333333334,0.7466666666666667
2,0.73,0.75
2,0.7100000000000001,0.7533333333333333
2,0.73,0.76
2,0.7,0.7266666666666666
2,0.6900000000000001,0.7166666666666666
2,0.7033333333333334,0.76
2,0.6833333333333332,0.76
2,0.7166666666666666,0.7466666666666667
2,0.6866666666666666,0.72
2,0.7,0.7666666666666667
2,0.6833333333333333,0.7266666666666667
2,0.71,0.7266666666666668
2,0.7166666666666666,0.7366666666666666
2,0.74,0.7266666666666667
2,0.73,0.7666666666666666
2,0.7066666666666667,0.73
2,0.7266666666666667,0.7366666666666667
2,0.7166666666666667,0.7433333333333333
2,0.7133333333333333,0.7566666666666666
2,0.6966666666666665,0.7333333333333334
2,0.6866666666666668,0.7533333333333333
2,0.7133333333333333,0.73
2,0.7166666666666666,0.74
2,0.6699999999999999,0.7533333333333333
2,0.7166666666666667,0.7333333333333333
2,0.7266666666666667,0.7533333333333333
2,0.7166666666666668,0.7566666666666666
2,0.7100000000000001,0.7433333333333334
2,0.7133333333333334,0.74
2,0.7166666666666667,0.7333333333333333
2,0.6833333333333333,0.74
2,0.7233333333333333,0.7033333333333333
2,0.7433333333333334,0.75
2,0.7033333333333334,0.7533333333333333
2,0.7166666666666667,0.7533333333333333
2,0.6933333333333334,0.7533333333333333
2,0.7300000000000001,0.75
2,0.6733333333333333,0.7466666666666666
2,0.68,0.7366666666666666
2,0.7166666666666666,0.7533333333333333
2,0.74,0.75
2,0.6966666666666665,0.7366666666666667
2,0.6766666666666666,0.7433333333333333
2,0.6566666666666666,0.7233333333333333
2,0.7166666666666667,0.74
2,0.7366666666666667,0.7333333333333334
2,0.7366666666666666,0.7266666666666666
2,0.6966666666666665,0.75
2,0.7166666666666667,0.7466666666666666
2,0.7133333333333333,0.7366666666666667
2,0.7166666666666668,0.75
2,0.6766666666666665,0.7333333333333334
2,0.6666666666666667,0.7333333333333333
2,0.7033333333333334,0.7333333333333333
2,0.7266666666666667,0.7366666666666667
2,0.6833333333333333,0.7366666666666667
2,0.7066666666666667,0.76
2,0.6933333333333334,0.75
2,0.7066666666666667,0.74
2,0.6799999999999999,0.7233333333333333
2,0.74,0.74
2,0.7133333333333334,0.7166666666666667
2,0.7100000000000001,0.7333333333333334
2,0.7,0.74
2,0.7033333333333334,0.74
2,0.7033333333333334,0.7533333333333333
2,0.6599999999999999,0.7233333333333334
2,0.6966666666666665,0.7466666666666666
2,0.7266666666666667,0.7266666666666666
2,0.74,0.7366666666666666
2,0.7333333333333333,0.7333333333333334
2,0.7300000000000001,0.7666666666666666
2,0.7,0.75
2,0.7133333333333333,0.7533333333333333
2,0.72,0.74
2,0.6866666666666668,0.7566666666666666
2,0.68,0.7599999999999999
2,0.7233333333333334,0.7233333333333333
2,0.7033333333333334,0.7466666666666666
2,0.7333333333333334,0.7566666666666666
2,0.73,0.7566666666666666
2,0.7,0.7433333333333334
2,0.72,0.7533333333333333
2,0.72,0.7066666666666667
2,0.7166666666666667,0.7266666666666667
2,0.74,0.76
2,0.7266666666666668,0.7133333333333333
2,0.7466666666666667,0.76
2,0.7166666666666667,0.74
2,0.7066666666666667,0.7300000000000001
2,0.7,0.72
2,0.6699999999999999,0.7333333333333334
2,0.6766666666666666,0.73
2,0.6633333333333332,0.75
2,0.7,0.7333333333333333
2,0.6799999999999999,0.75
2,0.72,0.7433333333333334
2,0.6799999999999999,0.7100000000000001
2,0.7233333333333334,0.7433333333333334
2,0.7133333333333333,0.7333333333333334
2,0.7066666666666667,0.7366666666666666
2,0.6933333333333334,0.7266666666666667
2,0.71,0.7433333333333334
2,0.7233333333333333,0.73
2,0.74,0.7366666666666667
2,0.6933333333333332,0.7466666666666667
2,0.7333333333333333,0.7666666666666666
2,0.7133333333333335,0.7466666666666667
2,0.71,0.73
2,0.7133333333333333,0.7766666666666666
2,0.7066666666666667,0.7233333333333334
2,0.7366666666666666,0.7366666666666666
2,0.6866666666666668,0.74
2,0.74,0.75
2,0.71,0.7066666666666667
2,0.7066666666666667,0.7733333333333332
2,0.7233333333333334,0.7266666666666667
2,0.69,0.72
2,0.73,0.75
2,0.7333333333333334,0.76
2,0.7233333333333334,0.7233333333333333
2,0.6833333333333333,0.7366666666666667
2,0.72,0.7166666666666666
2,0.67,0.76
2,0.7066666666666667,0.73
2,0.6966666666666667,0.75
2,0.72,0.7499999999999999
2,0.7233333333333333,0.7266666666666666
2,0.6799999999999999,0.7266666666666667
2,0.67,0.7466666666666667
2,0.75,0.7333333333333334
2,0.7266666666666667,0.74
2,0.6733333333333333,0.74
2,0.6733333333333333,0.7266666666666668
2,0.74,0.7133333333333333
2,0.7033333333333334,0.7466666666666667
2,0.7133333333333333,0.7333333333333334
2,0.71,0.74
2,0.7133333333333334,0.7333333333333334
2,0.7266666666666666,0.7366666666666666
2,0.6833333333333333,0.74
2,0.7,0.74
2,0.6933333333333334,0.73
2,0.7100000000000001,0.72
2,0.73,0.7533333333333334
2,0.7233333333333333,0.7133333333333333
2,0.7433333333333333,0.7433333333333334
2,0.6633333333333333,0.74
2,0.7433333333333334,0.7433333333333334
2,0.7166666666666668,0.7366666666666666
2,0.7033333333333334,0.7500000000000001
2,0.7233333333333334,0.74
2,0.7033333333333334,0.7300000000000001
2,0.7133333333333333,0.7366666666666667
2,0.6599999999999999,0.7233333333333333
2,0.7033333333333333,0.7333333333333333
2,0.6799999999999999,0.73
2,0.6633333333333333,0.7166666666666667
2,0.7133333333333334,0.7266666666666667
2,0.7033333333333334,0.7033333333333333
2,0.6666666666666667,0.7333333333333333
2,0.74,0.7266666666666668
2,0.6633333333333333,0.7333333333333333
2,0.75,0.7566666666666666
2,0.7166666666666667,0.7066666666666667
2,0.7166666666666666,0.7766666666666668
2,0.74,0.7466666666666667
2,0.7,0.7566666666666667
2,0.7366666666666667,0.7533333333333334
2,0.7166666666666666,0.73
2,0.7333333333333333,0.7366666666666667
2,0.68,0.7566666666666666
2,0.67,0.7366666666666667
2,0.6866666666666668,0.7466666666666667
2,0.7166666666666667,0.75
2,0.6799999999999999,0.7333333333333334
2,0.7066666666666668,0.7333333333333333
2,0.7133333333333333,0.7466666666666666
2,0.71,0.7533333333333333
2,0.7066666666666667,0.74
2,0.72,0.7466666666666667
2,0.69,0.74
2,0.71,0.7466666666666667
2,0.6900000000000001,0.7133333333333334
2,0.6966666666666665,0.7633333333333334
2,0.7133333333333334,0.74
2,0.6799999999999999,0.7433333333333334
2,0.6766666666666665,0.7333333333333334
2,0.63,0.7233333333333333
2,0.7300000000000001,0.7300000000000001
2,0.7133333333333333,0.7633333333333333
2,0.6699999999999999,0.7366666666666667
2,0.7166666666666667,0.7433333333333334
2,0.7000000000000001,0.76
2,0.6933333333333334,0.7433333333333334
2,0.6933333333333332,0.7533333333333333
2,0.72,0.7466666666666667
2,0.7133333333333334,0.7366666666666667
2,0.7066666666666668,0.7133333333333333
2,0.69,0.7566666666666666
2,0.6933333333333332,0.7433333333333333
2,0.7,0.7300000000000001
2,0.7233333333333334,0.7433333333333334
2,0.6699999999999999,0.7333333333333333
2,0.7233333333333333,0.7466666666666667
2,0.73,0.7466666666666667
2,0.7,0.71
2,0.7333333333333333,0.7366666666666667
2,0.6933333333333332,0.7133333333333333
2,0.6833333333333333,0.75
2,0.7066666666666668,0.75
2,0.7033333333333334,0.74
2,0.7466666666666667,0.7266666666666666
2,0.6733333333333332,0.72
2,0.7433333333333334,0.77
2,0.7466666666666666,0.72
2,0.7166666666666666,0.74
2,0.7333333333333333,0.75
2,0.6799999999999999,0.7266666666666667
2,0.7133333333333334,0.7366666666666667
2,0.6900000000000001,0.7333333333333334
2,0.67,0.7566666666666667
2,0.6866666666666668,0.7466666666666667
2,0.7566666666666666,0.7466666666666666
2,0.7333333333333333,0.7033333333333334
2,0.7166666666666667,0.71
2,0.7033333333333334,0.7733333333333333
2,0.7299999999999999,0.7466666666666666
2,0.6866666666666668,0.7266666666666667
2,0.6933333333333334,0.76
2,0.7066666666666668,0.7466666666666668
2,0.7233333333333334,0.7166666666666666
2,0.7333333333333333,0.7533333333333333
2,0.7166666666666666,0.7633333333333333
2,0.7166666666666666,0.7266666666666668
2,0.7033333333333334,0.7266666666666667
2,0.65,0.74
2,0.7233333333333333,0.76
2,0.7566666666666666,0.7433333333333334
2,0.6733333333333333,0.7633333333333334
2,0.7133333333333333,0.75
2,0.69,0.71
2,0.7100000000000001,0.7466666666666667
2,0.7233333333333334,0.7000000000000001
2,0.7066666666666668,0.7266666666666667
2,0.6733333333333333,0.7366666666666666
2,0.7033333333333334,0.7233333333333334
2,0.7033333333333334,0.72
2,0.6733333333333332,0.7266666666666667
2,0.71,0.77
2,0.7233333333333334,0.7400000000000001
2,0.6833333333333333,0.7433333333333334
2,0.7,0.7200000000000001
2,0.69,0.7366666666666667
2,0.69,0.75
2,0.7066666666666667,0.7433333333333334
2,0.7266666666666668,0.7300000000000001
2,0.6933333333333332,0.7366666666666666
2,0.74,0.7366666666666667
2,0.7066666666666667,0.7333333333333333
2,0.74,0.7666666666666666
2,0.7166666666666666,0.7633333333333333
2,0.7266666666666666,0.76
2,0.6900000000000001,0.7333333333333333
2,0.72,0.6966666666666667
2,0.6933333333333332,0.7333333333333334
2,0.74,0.7233333333333334
2,0.72,0.75
2,0.7399999999999999,0.7466666666666666
2,0.6833333333333332,0.77
2,0.7233333333333334,0.7466666666666667
2,0.6833333333333333,0.73
2,0.74,0.75
2,0.6966666666666667,0.75
2,0.6833333333333333,0.7366666666666666
2,0.7133333333333333,0.74
2,0.7266666666666667,0.7466666666666667
2,0.7066666666666667,0.74
2,0.7166666666666668,0.7566666666666667
2,0.6966666666666665,0.7566666666666666
2,0.72,0.7566666666666667
2,0.7,0.7633333333333333
2,0.71,0.76
2,0.7,0.7333333333333333
2,0.7,0.7133333333333333
2,0.7,0.7333333333333334
2,0.7233333333333334,0.7566666666666666
2,0.73,0.76
2,0.7166666666666666,0.73
2,0.7166666666666667,0.7166666666666667
2,0.7066666666666667,0.7266666666666667
2,0.7299999999999999,0.7333333333333333
2,0.74,0.7433333333333334
2,0.7099999999999999,0.7199999999999999
2,0.6933333333333334,0.73
2,0.6866666666666666,0.7566666666666666
2,0.7000000000000001,0.7266666666666668
2,0.6833333333333333,0.7366666666666666
2,0.72,0.7133333333333334
2,0.73,0.7266666666666667
2,0.7266666666666667,0.7366666666666667
2,0.7,0.7266666666666667
2,0.72,0.7333333333333333
2,0.6833333333333333,0.7333333333333334
2,0.6966666666666665,0.7033333333333333
2,0.6933333333333332,0.7333333333333334
2,0.7233333333333334,0.74
2,0.6933333333333334,0.7366666666666667
2,0.6933333333333332,0.7533333333333334
2,0.7133333333333332,0.7333333333333334
2,0.6966666666666665,0.7333333333333334
2,0.7333333333333334,0.7433333333333333
2,0.7,0.7366666666666667
2,0.73,0.73
2,0.6766666666666667,0.76
2,0.6933333333333334,0.7466666666666667
2,0.7066666666666667,0.71
2,0.6933333333333334,0.7433333333333334
2,0.7100000000000001,0.7233333333333333
2,0.6733333333333333,0.7166666666666667
2,0.69,0.7133333333333333
2,0.7233333333333334,0.7300000000000001
2,0.7066666666666668,0.7333333333333334
2,0.7499999999999999,0.7233333333333334
2,0.72,0.7633333333333333
2,0.6900000000000001,0.7666666666666666
2,0.7500000000000001,0.7433333333333334
2,0.77,0.7433333333333333
2,0.7,0.7166666666666667
2,0.6933333333333334,0.73
2,0.71,0.76
2,0.6966666666666667,0.7300000000000001
2,0.6966666666666667,0.7033333333333334
2,0.7133333333333333,0.7566666666666666
2,0.7333333333333334,0.7466666666666667
2,0.69,0.7066666666666667
2,0.7166666666666666,0.76
2,0.6799999999999999,0.7333333333333334
2,0.72,0.7033333333333334
2,0.68,0.7366666666666666
2,0.7066666666666667,0.74
2,0.7033333333333334,0.7133333333333334
2,0.6733333333333333,0.72
2,0.6966666666666667,0.7233333333333334
2,0.7133333333333334,0.74
2,0.6733333333333332,0.7266666666666666
2,0.7033333333333334,0.7366666666666666
2,0.7066666666666667,0.7533333333333333
2,0.6966666666666667,0.7133333333333334
2,0.7133333333333333,0.7566666666666666
2,0.7166666666666666,0.7433333333333334
2,0.71,0.7266666666666666
2,0.7133333333333333,0.76
2,0.71,0.7266666666666667
2,0.6766666666666666,0.74
2,0.73,0.7833333333333333
2,0.7066666666666667,0.74
2,0.6866666666666668,0.7100000000000001
2,0.7100000000000001,0.74
2,0.71,0.7366666666666667
2,0.72,0.7733333333333333
2,0.6733333333333333,0.7533333333333333
2,0.7033333333333334,0.7133333333333333
2,0.6933333333333334,0.75
2,0.7233333333333334,0.74
2,0.6966666666666667,0.74
2,0.7066666666666667,0.7533333333333333
2,0.73,0.7266666666666668
2,0.7533333333333333,0.7133333333333333
2,0.6966666666666667,0.73
2,0.71,0.78
2,0.7533333333333333,0.7533333333333334
2,0.7066666666666667,0.74
2,0.7,0.7266666666666667
2,0.7333333333333333,0.7566666666666666
2,0.6633333333333333,0.7300000000000001
2,0.7133333333333333,0.7466666666666667
2,0.76,0.7466666666666667
2,0.7233333333333334,0.75
2,0.7566666666666667,0.7666666666666668
2,0.7233333333333334,0.7566666666666666
2,0.7266666666666667,0.73
2,0.7266666666666666,0.7466666666666667
2,0.67,0.6833333333333333
2,0.7366666666666666,0.74
2,0.6933333333333332,0.72
2,0.6833333333333333,0.7533333333333332
2,0.7033333333333334,0.7433333333333334
2,0.7166666666666666,0.7966666666666666
2,0.7433333333333333,0.71
2,0.7233333333333334,0.7533333333333333
2,0.7233333333333334,0.7299999999999999
2,0.6699999999999999,0.7533333333333333
2,0.6700000000000002,0.7166666666666666
2,0.6666666666666666,0.74
2,0.7,0.74
2,0.6866666666666666,0.7266666666666667
2,0.7333333333333334,0.7333333333333334
2,0.7,0.7666666666666666
2,0.7266666666666667,0.7300000000000001
2,0.71,0.7366666666666667
2,0.6966666666666667,0.7366666666666666
2,0.6966666666666665,0.7566666666666666
2,0.7033333333333334,0.7300000000000001
2,0.7066666666666667,0.72
3,0.6933333333333332,0.7033333333333334
3,0.6933333333333334,0.7433333333333334
3,0.7366666666666667,0.7366666666666667
3,0.6666666666666666,0.7433333333333334
3,0.6799999999999999,0.7466666666666667
3,0.7133333333333335,0.7666666666666667
3,0.6733333333333333,0.7433333333333334
3,0.7233333333333334,0.7366666666666667
3,0.6933333333333334,0.7266666666666666
3,0.7,0.74
3,0.7100000000000001,0.7366666666666667
3,0.71,0.74
3,0.7033333333333334,0.7466666666666667
3,0.73,0.7233333333333333
3,0.7333333333333334,0.7366666666666667
3,0.7166666666666667,0.74
3,0.7166666666666667,0.7333333333333333
3,0.7066666666666667,0.7333333333333333
3,0.7466666666666667,0.75
3,0.6733333333333333,0.7366666666666667
3,0.72,0.72
3,0.7,0.75
3,0.7000000000000001,0.7366666666666667
3,0.6733333333333332,0.71
3,0.7333333333333333,0.74
3,0.6733333333333332,0.7433333333333334
3,0.7099999999999999,0.7266666666666667
3,0.7066666666666667,0.7466666666666667
3,0.6966666666666667,0.7299999999999999
3,0.6966666666666667,0.7566666666666666
3,0.7466666666666668,0.7566666666666666
3,0.72,0.7466666666666667
3,0.7166666666666666,0.7233333333333334
3,0.7066666666666666,0.74
3,0.7233333333333333,0.7366666666666667
3,0.6933333333333334,0.74
3,0.6933333333333332,0.7333333333333333
3,0.7066666666666666,0.6933333333333334
3,0.7066666666666667,0.72
3,0.6799999999999999,0.7566666666666666
3,0.6866666666666668,0.7466666666666667
3,0.7033333333333333,0.7233333333333334
3,0.7033333333333334,0.7166666666666667
3,0.71,0.7600000000000001
3,0.6833333333333332,0.7466666666666667
3,0.7033333333333334,0.76
3,0.6766666666666667,0.71
3,0.6933333333333332,0.7566666666666666
3,0.7566666666666666,0.7166666666666666
3,0.6933333333333332,0.7366666666666667
3,0.7400000000000001,0.7366666666666666
3,0.6799999999999999,0.7566666666666666
3,0.7166666666666667,0.7633333333333333
3,0.6900000000000001,0.73
3,0.6866666666666666,0.75
3,0.7333333333333334,0.75
3,0.7533333333333333,0.74
3,0.7,0.7133333333333333
3,0.7033333333333334,0.7433333333333333
3,0.6933333333333334,0.7200000000000001
3,0.73,0.75
3,0.6900000000000001,0.7266666666666667
3,0.7166666666666668,0.7333333333333333
3,0.7300000000000001,0.7366666666666666
3,0.73,0.75
3,0.7000000000000001,0.7133333333333334
3,0.6933333333333334,0.7466666666666667
3,0.6866666666666666,0.72
3,0.6900000000000001,0.7366666666666667
3,0.7333333333333334,0.75
3,0.7033333333333334,0.7633333333333333
3,0.7266666666666667,0.7066666666666666
3,0.7033333333333334,0.7433333333333333
3,0.7266666666666667,0.72
3,0.7133333333333334,0.7433333333333334
3,0.7166666666666666,0.7466666666666666
3,0.72,0.7266666666666667
3,0.73,0.7433333333333334
3,0.6766666666666666,0.73
3,0.7133333333333333,0.7433333333333333
3,0.69,0.7466666666666667
3,0.6966666666666667,0.7333333333333333
3,0.7133333333333333,0.7433333333333334
3,0.7233333333333334,0.7433333333333333
3,0.7466666666666667,0.7333333333333334
3,0.7366666666666667,0.7433333333333334
3,0.6866666666666666,0.7433333333333333
3,0.7166666666666667,0.7466666666666666
3,0.7066666666666667,0.77
3,0.7166666666666667,0.77
3,0.7633333333333333,0.76
3,0.7466666666666666,0.7633333333333333
3,0.72,0.7566666666666667
3,0.6866666666666666,0.7333333333333333
3,0.6966666666666665,0.75
3,0.6933333333333332,0.72
3,0.7233333333333334,0.76
3,0.7033333333333334,0.7500000000000001
3,0.7233333333333333,0.7333333333333334
3,0.7100000000000001,0.7366666666666666
3,0.6799999999999999,0.7233333333333334
3,0.72,0.74
3,0.7066666666666667,0.7433333333333334
3,0.6933333333333334,0.7233333333333334
3,0.6966666666666667,0.7566666666666666
3,0.7333333333333333,0.7366666666666667
3,0.7133333333333333,0.7500000000000001
3,0.73,0.75
3,0.7100000000000001,0.7566666666666666
3,0.7,0.78
3,0.7,0.7133333333333333
3,0.7366666666666666,0.7633333333333333
3,0.71,0.7633333333333334
3,0.6699999999999999,0.7466666666666668
3,0.7,0.74
3,0.7266666666666667,0.7533333333333333
3,0.72,0.7299999999999999
3,0.6900000000000001,0.7366666666666667
3,0.71,0.7166666666666666
3,0.6766666666666666,0.7133333333333334
3,0.72,0.7333333333333333
3,0.7,0.74
3,0.6766666666666666,0.7366666666666666
3,0.7100000000000001,0.7633333333333334
3,0.6766666666666666,0.71
3,0.71,0.74
3,0.7366666666666667,0.75
3,0.7300000000000001,0.7333333333333333
3,0.7300000000000001,0.7466666666666667
3,0.7133333333333333,0.7366666666666667
3,0.7366666666666667,0.75
3,0.7100000000000001,0.76
3,0.7100000000000001,0.7566666666666666
3,0.7166666666666668,0.74
3,0.7266666666666668,0.7533333333333334
3,0.71,0.7200000000000001
3,0.72,0.7433333333333334
3,0.7266666666666666,0.7533333333333334
3,0.7033333333333334,0.6966666666666667
3,0.67,0.7266666666666667
3,0.7033333333333333,0.7466666666666667
3,0.6666666666666666,0.7366666666666667
3,0.72,0.74
3,0.6866666666666666,0.7733333333333332
3,0.7066666666666668,0.7133333333333333
3,0.6899999999999998,0.7133333333333333
3,0.7066666666666667,0.7466666666666667
3,0.6933333333333332,0.74
3,0.76,0.7566666666666666
3,0.71,0.7533333333333334
3,0.7066666666666667,0.74
3,0.7033333333333334,0.7366666666666666
3,0.6900000000000001,0.7233333333333333
3,0.7166666666666666,0.7566666666666666
3,0.72,0.7533333333333332
3,0.6833333333333333,0.7633333333333334
3,0.7133333333333333,0.7566666666666667
3,0.7066666666666667,0.77
3,0.6933333333333334,0.76
3,0.74,0.7466666666666667
3,0.7333333333333334,0.7633333333333334
3,0.7133333333333333,0.74
3,0.7233333333333334,0.73
3,0.7066666666666667,0.7533333333333333
3,0.6933333333333334,0.7533333333333333
3,0.7266666666666667,0.7300000000000001
3,0.6966666666666667,0.7466666666666667
3,0.7366666666666667,0.7700000000000001
3,0.6766666666666666,0.7333333333333334
3,0.72,0.7233333333333334
3,0.6866666666666666,0.7533333333333333
3,0.6933333333333334,0.7533333333333333
3,0.7133333333333334,0.7333333333333334
3,0.71,0.7366666666666666
3,0.7166666666666667,0.7533333333333333
3,0.71,0.7266666666666667
3,0.6833333333333332,0.71
3,0.6866666666666666,0.7566666666666666
3,0.7066666666666667,0.7266666666666667
3,0.7,0.71
3,0.71,0.7366666666666666
3,0.7466666666666667,0.71
3,0.6966666666666667,0.7166666666666666
3,0.7,0.7766666666666666
3,0.6733333333333335,0.69
3,0.7300000000000001,0.7433333333333333
3,0.6733333333333333,0.7300000000000001
3,0.6799999999999999,0.73
3,0.7066666666666667,0.7433333333333334
3,0.7333333333333333,0.7466666666666667
3,0.7233333333333334,0.7333333333333334
3,0.6933333333333334,0.77
3,0.73,0.7366666666666667
3,0.7133333333333334,0.75
3,0.7,0.7266666666666667
3,0.7,0.71
3,0.7066666666666667,0.7366666666666667
3,0.7033333333333334,0.7266666666666668
3,0.7166666666666667,0.7366666666666667
3,0.7100000000000001,0.7433333333333334
3,0.7466666666666667,0.7333333333333333
3,0.7066666666666666,0.7133333333333333
3,0.7433333333333334,0.77
3,0.7100000000000001,0.7266666666666667
3,0.7033333333333333,0.7499999999999999
3,0.6866666666666666,0.7333333333333334
3,0.7066666666666668,0.7566666666666666
3,0.6966666666666667,0.74
3,0.7000000000000001,0.7466666666666666
3,0.7266666666666667,0.7333333333333334
3,0.7233333333333334,0.7366666666666667
3,0.71,0.7466666666666667
3,0.7166666666666666,0.7233333333333333
3,0.75,0.7366666666666668
3,0.7066666666666667,0.7300000000000001
3,0.7166666666666667,0.7466666666666667
3,0.6933333333333334,0.7333333333333332
3,0.6833333333333333,0.74
3,0.6966666666666667,0.7466666666666667
3,0.7133333333333333,0.7266666666666667
3,0.7266666666666666,0.74
3,0.6933333333333332,0.7133333333333333
3,0.6666666666666667,0.73
3,0.7100000000000001,0.7133333333333334
3,0.6399999999999999,0.74
3,0.71,0.7499999999999999
3,0.7133333333333333,0.7699999999999999
3,0.7266666666666668,0.76
3,0.69,0.7366666666666666
3,0.7166666666666666,0.76
3,0.7433333333333334,0.7466666666666666
3,0.7366666666666666,0.73
3,0.74,0.7333333333333334
3,0.7266666666666667,0.7466666666666666
3,0.6833333333333333,0.7699999999999999
3,0.7499999999999999,0.7466666666666667
3,0.7333333333333333,0.73
3,0.7033333333333334,0.7366666666666667
3,0.7166666666666668,0.7066666666666667
3,0.72,0.7033333333333334
3,0.71,0.7133333333333334
3,0.72,0.7733333333333332
3,0.7066666666666667,0.7166666666666667
3,0.6966666666666667,0.7466666666666667
3,0.6933333333333332,0.7366666666666666
3,0.6900000000000001,0.73
3,0.6866666666666666,0.7033333333333334
3,0.6566666666666667,0.7466666666666667
3,0.6699999999999999,0.75
3,0.73,0.7466666666666667
3,0.7333333333333334,0.7299999999999999
3,0.6833333333333333,0.7233333333333334
3,0.72,0.7333333333333333
3,0.6733333333333333,0.7466666666666667
3,0.7066666666666667,0.7366666666666667
3,0.71,0.7566666666666666
3,0.7233333333333334,0.74
3,0.6799999999999999,0.7566666666666666
3,0.71,0.7300000000000001
3,0.7066666666666667,0.76
3,0.71,0.7466666666666667
3,0.6900000000000001,0.7366666666666666
3,0.6933333333333334,0.7333333333333333
3,0.7366666666666668,0.74
3,0.7233333333333333,0.7466666666666667
3,0.71,0.7533333333333334
3,0.72,0.7366666666666667
3,0.7166666666666667,0.73
3,0.69,0.7733333333333333
3,0.6966666666666667,0.74
3,0.7266666666666667,0.7166666666666666
3,0.7300000000000001,0.7333333333333334
3,0.6799999999999999,0.74
3,0.6699999999999999,0.75
3,0.6933333333333332,0.7233333333333334
3,0.7166666666666666,0.7133333333333334
3,0.6633333333333333,0.7233333333333334
3,0.7166666666666666,0.7233333333333334
3,0.7,0.7566666666666666
3,0.7166666666666667,0.7466666666666667
3,0.6933333333333332,0.7300000000000001
3,0.7233333333333334,0.7266666666666668
3,0.7366666666666667,0.74
3,0.7066666666666667,0.7333333333333332
3,0.7333333333333334,0.72
3,0.6933333333333334,0.7466666666666667
3,0.6866666666666666,0.7366666666666667
3,0.7466666666666667,0.76
3,0.7333333333333333,0.7233333333333334
3,0.7333333333333332,0.7266666666666667
3,0.7033333333333334,0.7433333333333334
3,0.6799999999999999,0.7366666666666666
3,0.7066666666666667,0.76
3,0.6933333333333331,0.7100000000000001
3,0.7,0.72
3,0.7100000000000001,0.72
3,0.6833333333333333,0.7366666666666667
3,0.69,0.74
3,0.6833333333333333,0.72
3,0.7,0.7466666666666667
3,0.7133333333333333,0.72
3,0.7233333333333334,0.7333333333333334
3,0.6966666666666667,0.7066666666666666
3,0.7133333333333333,0.7
3,0.6966666666666665,0.7333333333333334
3,0.6733333333333332,0.77
3,0.7066666666666667,0.7433333333333334
3,0.7400000000000001,0.7500000000000001
3,0.6933333333333332,0.7366666666666667
3,0.6833333333333333,0.7366666666666667
3,0.6900000000000001,0.7433333333333334
3,0.7066666666666667,0.7266666666666667
3,0.73,0.7300000000000001
3,0.7,0.7200000000000001
3,0.7066666666666667,0.76
3,0.7133333333333334,0.71
3,0.6966666666666665,0.7666666666666666
3,0.7300000000000001,0.74
3,0.7366666666666668,0.74
3,0.7166666666666666,0.7433333333333333
3,0.6933333333333332,0.7333333333333333
3,0.72,0.7300000000000001
3,0.72,0.73
3,0.7133333333333334,0.73
3,0.7466666666666666,0.7300000000000001
3,0.7233333333333333,0.76
3,0.6866666666666666,0.7433333333333334
3,0.7066666666666667,0.78
3,0.6933333333333334,0.7699999999999999
3,0.7033333333333334,0.7466666666666667
3,0.6966666666666667,0.7433333333333333
3,0.7033333333333334,0.7366666666666667
3,0.7066666666666667,0.7333333333333333
3,0.6866666666666668,0.74
3,0.7066666666666668,0.7200000000000001
3,0.7166666666666667,0.73
3,0.7,0.7666666666666667
3,0.6799999999999999,0.7333333333333333
3,0.7133333333333334,0.76
3,0.7233333333333334,0.7466666666666667
3,0.7366666666666667,0.7366666666666666
3,0.7,0.7333333333333333
3,0.6866666666666666,0.74
3,0.74,0.7633333333333334
3,0.7066666666666668,0.7366666666666667
3,0.7133333333333334,0.71
3,0.6933333333333332,0.7299999999999999
3,0.7266666666666667,0.7233333333333334
3,0.7,0.7433333333333334
3,0.6933333333333334,0.7433333333333334
3,0.6900000000000001,0.7499999999999999
3,0.7133333333333334,0.74
3,0.7133333333333333,0.7266666666666668
3,0.7299999999999999,0.7433333333333334
3,0.6900000000000001,0.7566666666666666
3,0.73,0.7233333333333334
3,0.7,0.7233333333333334
3,0.6833333333333333,0.7533333333333333
3,0.7033333333333334,0.7266666666666668
3,0.6733333333333335,0.7066666666666668
3,0.6933333333333334,0.7633333333333334
3,0.7233333333333334,0.74
3,0.7333333333333334,0.7466666666666667
3,0.73,0.75
3,0.6966666666666667,0.7366666666666666
3,0.6733333333333333,0.7333333333333334
3,0.7200000000000001,0.7200000000000001
3,0.6933333333333334,0.7500000000000001
3,0.7033333333333334,0.7466666666666667
3,0.7333333333333334,0.7233333333333333
3,0.6933333333333334,0.7500000000000001
3,0.7233333333333334,0.73
3,0.7300000000000001,0.7533333333333333
3,0.71,0.7233333333333334
3,0.7,0.7633333333333334
3,0.6866666666666668,0.7166666666666666
3,0.7133333333333333,0.7633333333333333
3,0.6666666666666667,0.7433333333333334
3,0.6766666666666666,0.72
3,0.7333333333333334,0.7333333333333333
3,0.6833333333333333,0.7633333333333333
3,0.7166666666666666,0.7366666666666667
3,0.6966666666666665,0.7233333333333333
3,0.7033333333333334,0.76
3,0.72,0.73
3,0.7100000000000001,0.75
3,0.7333333333333334,0.73
3,0.6966666666666667,0.74
3,0.7166666666666666,0.7233333333333334
3,0.71,0.7333333333333334
3,0.7,0.7433333333333334
3,0.7133333333333333,0.73
3,0.7066666666666667,0.7233333333333334
3,0.6799999999999999,0.7733333333333334
3,0.7300000000000001,0.7366666666666667
3,0.7233333333333334,0.7666666666666667
3,0.7100000000000001,0.7266666666666667
3,0.71,0.72
3,0.7033333333333333,0.76
3,0.7366666666666667,0.7533333333333333
3,0.6933333333333334,0.71
3,0.6933333333333334,0.7366666666666667
3,0.7133333333333333,0.73
3,0.7066666666666667,0.7166666666666666
3,0.7,0.7333333333333334
3,0.7366666666666667,0.7666666666666667
3,0.6666666666666667,0.7166666666666668
3,0.7,0.7366666666666667
3,0.6966666666666667,0.7200000000000001
3,0.7066666666666666,0.7166666666666667
3,0.7266666666666667,0.73
3,0.7633333333333333,0.73
3,0.7366666666666667,0.7266666666666667
3,0.7333333333333334,0.7366666666666667
3,0.6933333333333332,0.72
3,0.6933333333333334,0.73
3,0.6966666666666667,0.72
3,0.72,0.7300000000000001
3,0.75,0.7466666666666667
3,0.6866666666666668,0.7733333333333333
3,0.67,0.7466666666666666
3,0.71,0.7133333333333333
3,0.6766666666666667,0.7533333333333334
3,0.73,0.7500000000000001
3,0.6933333333333331,0.7733333333333333
3,0.7166666666666666,0.7633333333333333
3,0.72,0.7366666666666666
3,0.7266666666666667,0.74
3,0.6833333333333333,0.7466666666666667
3,0.7333333333333334,0.7433333333333334
3,0.7033333333333333,0.7466666666666667
3,0.7266666666666668,0.72
3,0.7133333333333334,0.7433333333333333
3,0.6933333333333334,0.7266666666666667
3,0.6966666666666667,0.7166666666666666
3,0.7,0.7433333333333334
3,0.7366666666666666,0.76
3,0.7100000000000001,0.72
3,0.68,0.7466666666666667
3,0.6933333333333334,0.74
3,0.7066666666666667,0.7300000000000001
3,0.7266666666666667,0.7699999999999999
3,0.6866666666666668,0.72
3,0.7266666666666668,0.7733333333333332
3,0.6599999999999999,0.7033333333333334
3,0.6966666666666665,0.7766666666666666
3,0.72,0.72
3,0.7266666666666666,0.7533333333333333
3,0.7233333333333334,0.7566666666666666
3,0.6933333333333334,0.7299999999999999
3,0.7166666666666667,0.7233333333333334
3,0.6966666666666667,0.7
3,0.6799999999999999,0.7433333333333334
3,0.7566666666666667,0.7333333333333334
3,0.7066666666666667,0.75
3,0.7,0.72
3,0.7033333333333333,0.7333333333333333
3,0.7333333333333334,0.71
3,0.71,0.74
3,0.7266666666666668,0.72
3,0.73,0.74
3,0.6699999999999999,0.75
3,0.6533333333333332,0.76
3,0.7366666666666666,0.7366666666666667
3,0.69,0.7133333333333334
3,0.6900000000000001,0.76
3,0.6966666666666667,0.7666666666666666
3,0.7233333333333334,0.7466666666666667
3,0.69,0.69
3,0.74,0.7366666666666667
3,0.7466666666666667,0.74
3,0.7133333333333334,0.7300000000000001
3,0.7100000000000001,0.7499999999999999
3,0.7,0.78
3,0.74,0.7133333333333333
3,0.7133333333333334,0.7666666666666667
3,0.7333333333333334,0.7533333333333333
3,0.71,0.7366666666666667
3,0.7166666666666666,0.7433333333333333
3,0.6866666666666665,0.7366666666666667
3,0.6733333333333335,0.7100000000000001
3,0.6866666666666665,0.7666666666666666
3,0.6866666666666666,0.7333333333333333
3,0.6866666666666668,0.74
3,0.7,0.7266666666666667
3,0.7033333333333334,0.74
3,0.6766666666666666,0.7233333333333334
3,0.6866666666666666,0.7533333333333335
3,0.73,0.7333333333333333
3,0.6933333333333332,0.7433333333333333
3,0.6533333333333332,0.7366666666666667
3,0.7033333333333334,0.7266666666666668
3,0.6866666666666668,0.7466666666666667
3,0.7200000000000001,0.73
3,0.6966666666666667,0.75
3,0.6900000000000001,0.7266666666666668
3,0.7266666666666666,0.7333333333333333
3,0.6733333333333335,0.7033333333333334
3,0.7633333333333333,0.7233333333333334
3,0.7166666666666667,0.73
3,0.7100000000000001,0.7266666666666667
3,0.6633333333333332,0.7333333333333333
3,0.7600000000000001,0.74
3,0.7266666666666668,0.7133333333333333
3,0.73,0.7233333333333333
3,0.7066666666666667,0.7366666666666666
3,0.7,0.76
3,0.7133333333333334,0.7300000000000001
3,0.7166666666666666,0.7300000000000001
3,0.6799999999999999,0.7466666666666667
3,0.71,0.74
3,0.71,0.7
3,0.73,0.7866666666666667
3,0.72,0.7566666666666667
3,0.7266666666666668,0.7633333333333333
3,0.7266666666666666,0.7633333333333333
3,0.69,0.71
3,0.6999999999999998,0.7300000000000001
3,0.7133333333333334,0.7433333333333334
3,0.7166666666666667,0.73
3,0.7533333333333333,0.7433333333333334
3,0.6933333333333334,0.7500000000000001
3,0.6833333333333333,0.7266666666666667
3,0.7266666666666667,0.7333333333333333
3,0.7166666666666666,0.7366666666666666
3,0.6766666666666666,0.7333333333333334
3,0.6799999999999999,0.7566666666666666
3,0.7300000000000001,0.73
3,0.74,0.74
3,0.71,0.7633333333333333
3,0.6966666666666665,0.7466666666666667
3,0.6833333333333333,0.7333333333333334
3,0.7333333333333333,0.74
3,0.74,0.7466666666666667
3,0.7066666666666666,0.75
3,0.7033333333333333,0.72
3,0.73,0.7566666666666666
3,0.7066666666666667,0.7300000000000001
3,0.7033333333333333,0.76
3,0.7066666666666667,0.7366666666666666
3,0.71,0.7333333333333333
3,0.7233333333333333,0.6900000000000001
3,0.7133333333333334,0.72
3,0.6766666666666665,0.7366666666666667
3,0.6766666666666666,0.7333333333333334
3,0.72,0.7166666666666666
3,0.6733333333333335,0.7466666666666667
3,0.7166666666666667,0.7433333333333333
3,0.7033333333333334,0.7033333333333334
3,0.6966666666666667,0.7433333333333334
3,0.6799999999999999,0.7233333333333334
3,0.6433333333333333,0.7233333333333333
3,0.71,0.7533333333333333
3,0.72,0.74
3,0.6833333333333333,0.7466666666666667
3,0.6966666666666665,0.7533333333333332
3,0.6900000000000001,0.7166666666666666
3,0.7166666666666668,0.7333333333333332
3,0.68,0.77
3,0.7066666666666666,0.7633333333333333
3,0.7133333333333334,0.74
3,0.7,0.7466666666666667
3,0.67,0.7366666666666666
3,0.71,0.7666666666666666
3,0.6933333333333334,0.7333333333333334
3,0.7233333333333333,0.7466666666666666
3,0.7033333333333334,0.7300000000000001
3,0.74,0.7266666666666668
3,0.6566666666666666,0.75
3,0.72,0.7300000000000001
3,0.69,0.7533333333333332
3,0.7333333333333333,0.7433333333333333
3,0.71,0.7233333333333333
3,0.69,0.7233333333333334
3,0.7166666666666667,0.7533333333333333
3,0.7166666666666666,0.7533333333333334
3,0.6766666666666666,0.7833333333333334
3,0.6533333333333333,0.74
3,0.6866666666666666,0.72
3,0.7033333333333334,0.7333333333333333
3,0.7166666666666666,0.7666666666666667
3,0.7133333333333333,0.7433333333333333
3,0.72,0.7433333333333334
3,0.7233333333333334,0.76
3,0.6733333333333332,0.7333333333333334
3,0.7,0.7266666666666667
3,0.71,0.7433333333333334
3,0.7233333333333334,0.7466666666666667
3,0.7433333333333334,0.7466666666666667
3,0.7066666666666668,0.7433333333333334
3,0.6900000000000001,0.7333333333333333
3,0.7033333333333334,0.7433333333333334
3,0.73,0.7633333333333334
3,0.7033333333333334,0.7299999999999999
3,0.7066666666666667,0.7466666666666667
3,0.74,0.75
3,0.6866666666666668,0.7533333333333333
3,0.7133333333333334,0.76
3,0.71,0.7266666666666666
3,0.6733333333333333,0.7166666666666666
3,0.69,0.76
3,0.7066666666666666,0.76
3,0.6633333333333333,0.7466666666666667
3,0.71,0.72
3,0.7100000000000001,0.7666666666666667
3,0.6933333333333332,0.7266666666666667
3,0.7166666666666666,0.7266666666666668
3,0.71,0.7366666666666666
3,0.6966666666666667,0.7266666666666667
3,0.7166666666666666,0.7666666666666666
3,0.6933333333333334,0.73
3,0.7333333333333333,0.7366666666666667
3,0.69,0.7433333333333333
3,0.7099999999999999,0.7566666666666666
3,0.69,0.7333333333333334
3,0.7033333333333334,0.7533333333333333
3,0.6866666666666666,0.73
3,0.6933333333333332,0.74
3,0.7533333333333333,0.7533333333333333
3,0.7133333333333333,0.7333333333333333
3,0.7366666666666666,0.7533333333333333
3,0.7266666666666667,0.7566666666666666
3,0.7166666666666667,0.7433333333333334
3,0.7266666666666668,0.74
3,0.7066666666666667,0.7333333333333333
3,0.7066666666666667,0.74
3,0.7133333333333333,0.7033333333333333
3,0.7333333333333334,0.75
3,0.72,0.7533333333333333
3,0.7333333333333333,0.7533333333333333
3,0.7066666666666667,0.7533333333333333
3,0.7066666666666667,0.75
3,0.6933333333333334,0.7466666666666666
3,0.6966666666666665,0.7366666666666666
3,0.7233333333333334,0.7533333333333333
3,0.6866666666666666,0.75
3,0.6933333333333334,0.7366666666666667
3,0.6900000000000001,0.7433333333333333
3,0.7066666666666667,0.7233333333333333
3,0.74,0.74
3,0.6766666666666666,0.7333333333333334
3,0.72,0.7266666666666666
3,0.6866666666666668,0.75
3,0.7333333333333333,0.7466666666666666
3,0.7233333333333334,0.7366666666666667
3,0.6900000000000001,0.75
3,0.6599999999999999,0.7333333333333334
3,0.7033333333333334,0.7333333333333333
3,0.7166666666666667,0.7333333333333333
3,0.7100000000000001,0.7366666666666667
3,0.6933333333333334,0.7366666666666667
3,0.6933333333333334,0.76
3,0.7099999999999999,0.75
3,0.7000000000000002,0.74
3,0.7433333333333334,0.7233333333333333
3,0.7,0.74
3,0.7333333333333333,0.7166666666666667
3,0.73,0.7333333333333334
3,0.7366666666666667,0.74
3,0.6799999999999999,0.74
3,0.7033333333333333,0.7533333333333333
3,0.6799999999999999,0.7233333333333334
3,0.69,0.7466666666666666
3,0.7166666666666666,0.7266666666666666
3,0.6966666666666667,0.7366666666666666
3,0.7366666666666667,0.7333333333333334
3,0.7033333333333334,0.7666666666666666
3,0.7033333333333334,0.75
3,0.7366666666666666,0.7533333333333333
3,0.6966666666666667,0.74
3,0.7133333333333333,0.7566666666666666
3,0.7366666666666666,0.7599999999999999
3,0.7,0.7233333333333333
3,0.68,0.7466666666666666
3,0.7633333333333334,0.7566666666666666
3,0.7266666666666667,0.7566666666666666
3,0.6966666666666667,0.7433333333333334
3,0.6933333333333334,0.7533333333333333
3,0.6900000000000001,0.7066666666666667
3,0.6466666666666667,0.7266666666666667
3,0.7033333333333334,0.76
3,0.7,0.7133333333333333
3,0.7433333333333334,0.76
3,0.75,0.74
3,0.6966666666666665,0.7300000000000001
3,0.6833333333333333,0.72
3,0.7066666666666667,0.7333333333333334
3,0.7033333333333334,0.73
3,0.6933333333333334,0.75
3,0.7066666666666666,0.7333333333333333
3,0.7,0.75
3,0.7033333333333333,0.7433333333333334
3,0.6533333333333334,0.7100000000000001
3,0.7366666666666667,0.7433333333333334
3,0.6933333333333332,0.7333333333333334
3,0.7333333333333334,0.7366666666666666
3,0.6799999999999999,0.7266666666666667
3,0.6766666666666666,0.7433333333333334
3,0.7066666666666667,0.73
3,0.72,0.7366666666666667
3,0.7033333333333334,0.7466666666666667
3,0.6866666666666666,0.7666666666666666
3,0.6966666666666665,0.7466666666666667
3,0.74,0.73
3,0.71,0.7766666666666666
3,0.74,0.7233333333333334
3,0.7099999999999999,0.7366666666666666
3,0.7166666666666666,0.74
3,0.6733333333333332,0.75
3,0.6933333333333332,0.7066666666666667
3,0.7000000000000001,0.7733333333333332
3,0.7133333333333333,0.7266666666666667
3,0.7133333333333333,0.72
3,0.7166666666666666,0.75
3,0.7133333333333333,0.76
3,0.6566666666666666,0.7233333333333333
3,0.6766666666666665,0.7366666666666667
3,0.6833333333333333,0.7166666666666666
3,0.7133333333333333,0.76
3,0.71,0.73
3,0.7100000000000001,0.75
3,0.72,0.7499999999999999
3,0.7100000000000001,0.7266666666666666
3,0.6900000000000001,0.7266666666666667
3,0.6866666666666666,0.7466666666666667
3,0.7433333333333334,0.7333333333333334
3,0.6799999999999999,0.74
3,0.7033333333333333,0.74
3,0.7300000000000001,0.7266666666666668
3,0.6933333333333332,0.7133333333333333
3,0.6866666666666666,0.7466666666666667
3,0.68,0.7333333333333334
3,0.7133333333333333,0.74
3,0.72,0.7333333333333334
3,0.7233333333333334,0.7366666666666666
3,0.7033333333333334,0.74
3,0.74,0.74
3,0.7,0.73
3,0.6900000000000001,0.72
3,0.6900000000000001,0.7533333333333334
3,0.7233333333333334,0.7133333333333333
3,0.7266666666666667,0.7433333333333334
3,0.7333333333333334,0.74
3,0.7166666666666666,0.7433333333333334
3,0.7066666666666667,0.7366666666666666
3,0.72,0.7500000000000001
3,0.6633333333333333,0.74
3,0.6866666666666666,0.7300000000000001
3,0.7366666666666667,0.7366666666666667
3,0.6833333333333333,0.7233333333333333
3,0.71,0.7333333333333333
3,0.68,0.73
3,0.7433333333333334,0.7166666666666667
3,0.7133333333333333,0.7266666666666667
3,0.72,0.7033333333333333
3,0.6933333333333334,0.7333333333333333
3,0.7266666666666666,0.7266666666666668
3,0.7133333333333333,0.7333333333333333
3,0.7066666666666668,0.7566666666666666
3,0.7233333333333334,0.7066666666666667
3,0.7333333333333334,0.7766666666666668
3,0.6933333333333332,0.7466666666666667
3,0.7266666666666667,0.7566666666666667
3,0.7,0.7533333333333334
3,0.7,0.73
3,0.6633333333333333,0.7366666666666667
3,0.6866666666666668,0.7566666666666666
3,0.7333333333333333,0.7366666666666667
3,0.71,0.7466666666666667
3,0.6866666666666666,0.75
3,0.7366666666666667,0.7333333333333334
3,0.7133333333333333,0.7333333333333333
3,0.77,0.7466666666666666
3,0.6766666666666665,0.7533333333333333
3,0.7066666666666667,0.74
3,0.7033333333333334,0.7466666666666667
3,0.7133333333333335,0.74
3,0.72,0.7466666666666667
3,0.6766666666666666,0.7133333333333334
3,0.6833333333333333,0.7633333333333334
3,0.7,0.74
3,0.7133333333333334,0.7433333333333334
3,0.7,0.7333333333333334
3,0.6833333333333332,0.7233333333333333
3,0.7166666666666666,0.7300000000000001
3,0.7366666666666667,0.7633333333333333
3,0.7033333333333333,0.7366666666666667
3,0.77,0.7433333333333334
3,0.7133333333333333,0.76
3,0.72,0.7433333333333334
3,0.71,0.7533333333333333
3,0.7266666666666667,0.7466666666666667
3,0.72,0.7366666666666667
3,0.7033333333333334,0.7133333333333333
3,0.71,0.7566666666666666
3,0.71,0.7433333333333333
3,0.7300000000000001,0.7300000000000001
3,0.72,0.7433333333333334
3,0.69,0.7333333333333333
3,0.7066666666666668,0.7466666666666667
3,0.7300000000000001,0.7466666666666667
3,0.7266666666666668,0.71
3,0.6766666666666666,0.7366666666666667
3,0.6799999999999999,0.7133333333333333
3,0.68,0.75
3,0.72,0.75
3,0.6566666666666666,0.74
3,0.7266666666666667,0.7266666666666666
3,0.7166666666666667,0.72
3,0.76,0.77
3,0.7299999999999999,0.72
3,0.6866666666666668,0.74
3,0.73,0.75
3,0.7,0.7266666666666667
3,0.73,0.7366666666666667
3,0.6900000000000001,0.7333333333333334
3,0.7266666666666668,0.7566666666666667
3,0.7133333333333334,0.7466666666666667
3,0.7433333333333333,0.7466666666666666
3,0.7266666666666667,0.7033333333333334
3,0.7133333333333334,0.71
3,0.7233333333333334,0.7733333333333333
3,0.71,0.7466666666666666
3,0.7033333333333334,0.7266666666666667
3,0.7266666666666668,0.76
3,0.7066666666666667,0.7466666666666668
3,0.7333333333333334,0.7166666666666666
3,0.6766666666666666,0.7533333333333333
3,0.7066666666666666,0.7633333333333333
3,0.6933333333333334,0.7266666666666668
3,0.7233333333333334,0.7266666666666667
3,0.7066666666666667,0.74
3,0.7166666666666667,0.76
3,0.7133333333333333,0.7433333333333334
3,0.72,0.7633333333333334
3,0.7533333333333333,0.75
3,0.6966666666666665,0.71
3,0.6733333333333332,0.7466666666666667
3,0.6933333333333332,0.7000000000000001
3,0.6733333333333335,0.7266666666666667
3,0.7000000000000001,0.7366666666666666
3,0.7,0.7233333333333334
3,0.72,0.72
3,0.73,0.7266666666666667
3,0.7266666666666667,0.77
3,0.6833333333333333,0.7400000000000001
3,0.6933333333333334,0.7433333333333334
3,0.7100000000000001,0.7200000000000001
3,0.7299999999999999,0.7366666666666667
3,0.7166666666666667,0.75
3,0.7133333333333334,0.7433333333333334
3,0.7233333333333334,0.7300000000000001
3,0.6599999999999999,0.7366666666666666
3,0.7166666666666667,0.7366666666666667
3,0.74,0.7333333333333333
3,0.7166666666666666,0.7666666666666666
3,0.73,0.7633333333333333
3,0.7233333333333334,0.76
3,0.7033333333333334,0.7333333333333333
3,0.7333333333333333,0.6966666666666667
3,0.6833333333333333,0.7333333333333334
3,0.7300000000000001,0.7233333333333334
3,0.72,0.75
3,0.7333333333333333,0.7466666666666666
3,0.7066666666666667,0.77
3,0.72,0.7466666666666667
3,0.6933333333333334,0.73
3,0.7166666666666666,0.75
3,0.7233333333333334,0.75
3,0.6933333333333334,0.7366666666666666
3,0.68,0.74
3,0.7666666666666667,0.7466666666666667
3,0.7033333333333334,0.74
3,0.6799999999999999,0.7566666666666667
3,0.7066666666666667,0.7566666666666666
3,0.7233333333333334,0.7566666666666667
3,0.7366666666666666,0.7633333333333333
3,0.7533333333333334,0.76
3,0.6566666666666666,0.7333333333333333
3,0.6966666666666665,0.7133333333333333
3,0.7133333333333334,0.7333333333333334
3,0.6933333333333334,0.7566666666666666
3,0.7099999999999999,0.76
3,0.7366666666666666,0.73
3,0.7366666666666667,0.7166666666666667
3,0.7033333333333334,0.7266666666666667
3,0.7066666666666668,0.7333333333333333
3,0.7233333333333334,0.7433333333333334
3,0.7033333333333333,0.7199999999999999
3,0.6833333333333333,0.73
3,0.6333333333333334,0.7566666666666666
3,0.6966666666666667,0.7266666666666668
3,0.6799999999999999,0.7366666666666666
3,0.7000000000000001,0.7133333333333334
3,0.7166666666666667,0.7266666666666667
3,0.6933333333333334,0.7366666666666667
3,0.7099999999999999,0.7266666666666667
3,0.7333333333333333,0.7333333333333333
3,0.72,0.7333333333333334
3,0.7133333333333333,0.7033333333333333
3,0.7,0.7333333333333334
3,0.7066666666666667,0.74
3,0.7066666666666668,0.7366666666666667
3,0.73,0.7533333333333334
3,0.6799999999999999,0.7333333333333334
3,0.6966666666666667,0.7333333333333334
3,0.6799999999999999,0.7433333333333333
3,0.7,0.7366666666666667
3,0.69,0.73
3,0.6533333333333333,0.76
3,0.72,0.7466666666666667
3,0.6900000000000001,0.71
3,0.7066666666666667,0.7433333333333334
3,0.7033333333333334,0.7233333333333333
3,0.7,0.7166666666666667
3,0.7166666666666667,0.7133333333333333
3,0.7066666666666667,0.7300000000000001
3,0.6933333333333332,0.7333333333333334
3,0.71,0.7233333333333334
3,0.6933333333333334,0.7633333333333333
3,0.72,0.7666666666666666
3,0.7233333333333334,0.7433333333333334
3,0.7,0.7433333333333333
3,0.6933333333333334,0.7166666666666667
3,0.7066666666666667,0.73
3,0.7033333333333334,0.76
3,0.7133333333333334,0.7300000000000001
3,0.6599999999999999,0.7033333333333334
3,0.7233333333333333,0.7566666666666666
3,0.7100000000000001,0.7466666666666667
3,0.7233333333333334,0.7066666666666667
3,0.72,0.76
3,0.7100000000000001,0.7333333333333334
3,0.7,0.7033333333333334
3,0.73,0.7366666666666666
3,0.7033333333333334,0.74
3,0.6966666666666667,0.7133333333333334
3,0.7066666666666667,0.72
3,0.7033333333333334,0.7233333333333334
3,0.7100000000000001,0.74
3,0.6799999999999999,0.7266666666666666
3,0.7,0.7366666666666666
3,0.7033333333333334,0.7533333333333333
3,0.6866666666666666,0.7133333333333334
3,0.7133333333333333,0.7566666666666666
3,0.7466666666666667,0.7433333333333334
3,0.6966666666666667,0.7266666666666666
3,0.7533333333333333,0.76
3,0.7166666666666667,0.7266666666666667
3,0.6666666666666666,0.74
3,0.7033333333333334,0.7833333333333333
3,0.7033333333333334,0.74
3,0.7133333333333333,0.7100000000000001
3,0.71,0.74
3,0.73,0.7366666666666667
3,0.72,0.7733333333333333
3,0.7166666666666667,0.7533333333333333
3,0.7033333333333334,0.7133333333333333
3,0.7233333333333334,0.75
3,0.7333333333333333,0.74
3,0.6599999999999999,0.74
3,0.6633333333333333,0.7533333333333333
3,0.71,0.7266666666666668
3,0.7066666666666667,0.7133333333333333
3,0.6900000000000001,0.73
3,0.7133333333333334,0.78
3,0.6933333333333334,0.7533333333333334
3,0.7100000000000001,0.74
3,0.6966666666666667,0.7266666666666667
3,0.72,0.7566666666666666
3,0.7,0.7300000000000001
3,0.6699999999999999,0.7466666666666667
3,0.6866666666666668,0.7466666666666667
3,0.7133333333333333,0.75
3,0.7166666666666668,0.7666666666666668
3,0.72,0.7566666666666666
3,0.7200000000000001,0.73
3,0.72,0.7466666666666667
3,0.6799999999999999,0.6833333333333333
3,0.7133333333333334,0.74
3,0.6599999999999999,0.72
3,0.7433333333333334,0.7533333333333332
3,0.6966666666666667,0.7433333333333334
3,0.7266666666666667,0.7966666666666666
3,0.7333333333333333,0.71
3,0.69,0.7533333333333333
3,0.7233333333333334,0.7299999999999999
3,0.6733333333333333,0.7533333333333333
3,0.7633333333333333,0.7166666666666666
3,0.7233333333333333,0.74
3,0.6799999999999999,0.74
3,0.6900000000000001,0.7266666666666667
3,0.7266666666666668,0.7333333333333334
3,0.6866666666666666,0.7666666666666666
3,0.6666666666666667,0.7300000000000001
3,0.72,0.7366666666666667
3,0.7033333333333333,0.7366666666666666
3,0.6666666666666666,0.7566666666666666
3,0.6599999999999999,0.7300000000000001
3,0.7233333333333334,0.72
4,0.7366666666666666,0.7033333333333334
4,0.7233333333333334,0.7433333333333334
4,0.73,0.7366666666666667
4,0.7,0.7433333333333334
4,0.7033333333333334,0.7466666666666667
4,0.7466666666666667,0.7666666666666667
4,0.72,0.7433333333333334
4,0.6599999999999999,0.7366666666666667
4,0.6933333333333332,0.7266666666666666
4,0.72,0.74
4,0.6966666666666665,0.7366666666666667
4,0.72,0.74
4,0.7166666666666666,0.7466666666666667
4,0.6933333333333334,0.7233333333333333
4,0.6733333333333333,0.7366666666666667
4,0.6833333333333333,0.74
4,0.69,0.7333333333333333
4,0.6599999999999999,0.7333333333333333
4,0.7100000000000001,0.75
4,0.7166666666666666,0.7366666666666667
4,0.7,0.72
4,0.7166666666666667,0.75
4,0.6799999999999999,0.7366666666666667
4,0.7033333333333334,0.71
4,0.7333333333333333,0.74
4,0.69,0.7433333333333334
4,0.6833333333333333,0.7266666666666667
4,0.7433333333333334,0.7466666666666667
4,0.6733333333333333,0.7299999999999999
4,0.7366666666666666,0.7566666666666666
4,0.7133333333333333,0.7566666666666666
4,0.7166666666666667,0.7466666666666667
4,0.71,0.7233333333333334
4,0.7366666666666666,0.74
4,0.7066666666666667,0.7366666666666667
4,0.6766666666666666,0.74
4,0.7133333333333334,0.7333333333333333
4,0.75,0.6933333333333334
4,0.7066666666666667,0.72
4,0.7033333333333334,0.7566666666666666
4,0.7166666666666667,0.7466666666666667
4,0.6933333333333334,0.7233333333333334
4,0.6533333333333333,0.7166666666666667
4,0.7266666666666667,0.7600000000000001
4,0.6566666666666666,0.7466666666666667
4,0.7300000000000001,0.76
4,0.6766666666666667,0.71
4,0.7,0.7566666666666666
4,0.7066666666666666,0.7166666666666666
4,0.72,0.7366666666666667
4,0.6933333333333334,0.7366666666666666
4,0.7166666666666666,0.7566666666666666
4,0.7266666666666667,0.7633333333333333
4,0.6966666666666667,0.73
4,0.6933333333333332,0.75
4,0.7333333333333333,0.75
4,0.7166666666666666,0.74
4,0.6799999999999999,0.7133333333333333
4,0.6833333333333333,0.7433333333333333
4,0.6966666666666665,0.7200000000000001
4,0.71,0.75
4,0.7366666666666667,0.7266666666666667
4,0.7,0.7333333333333333
4,0.7166666666666666,0.7366666666666666
4,0.74,0.75
4,0.73,0.7133333333333334
4,0.6433333333333333,0.7466666666666667
4,0.6599999999999999,0.72
4,0.7,0.7366666666666667
4,0.6933333333333332,0.75
4,0.73,0.7633333333333333
4,0.6833333333333332,0.7066666666666666
4,0.6966666666666667,0.7433333333333333
4,0.73,0.72
4,0.74,0.7433333333333334
4,0.67,0.7466666666666666
4,0.6966666666666667,0.7266666666666667
4,0.6833333333333333,0.7433333333333334
4,0.6933333333333332,0.73
4,0.73,0.7433333333333333
4,0.68,0.7466666666666667
4,0.7133333333333334,0.7333333333333333
4,0.6766666666666666,0.7433333333333334
4,0.73,0.7433333333333333
4,0.7333333333333334,0.7333333333333334
4,0.7433333333333333,0.7433333333333334
4,0.6966666666666665,0.7433333333333333
4,0.7300000000000001,0.7466666666666666
4,0.7533333333333333,0.77
4,0.7100000000000001,0.77
4,0.6966666666666665,0.76
4,0.7233333333333334,0.7633333333333333
4,0.7266666666666667,0.7566666666666667
4,0.6833333333333333,0.7333333333333333
4,0.7066666666666667,0.75
4,0.7166666666666666,0.72
4,0.7266666666666667,0.76
4,0.7033333333333334,0.7500000000000001
4,0.6666666666666666,0.7333333333333334
4,0.7,0.7366666666666666
4,0.72,0.7233333333333334
4,0.7166666666666667,0.74
4,0.7166666666666667,0.7433333333333334
4,0.7,0.7233333333333334
4,0.6900000000000001,0.7566666666666666
4,0.7366666666666667,0.7366666666666667
4,0.7366666666666666,0.7500000000000001
4,0.7033333333333334,0.75
4,0.74,0.7566666666666666
4,0.74,0.78
4,0.7100000000000001,0.7133333333333333
4,0.7466666666666667,0.7633333333333333
4,0.7066666666666668,0.7633333333333334
4,0.6533333333333333,0.7466666666666668
4,0.72,0.74
4,0.68,0.7533333333333333
4,0.6833333333333333,0.7299999999999999
4,0.6599999999999999,0.7366666666666667
4,0.6933333333333334,0.7166666666666666
4,0.7266666666666667,0.7133333333333334
4,0.7033333333333334,0.7333333333333333
4,0.7466666666666668,0.74
4,0.7100000000000001,0.7366666666666666
4,0.7033333333333334,0.7633333333333334
4,0.69,0.71
4,0.7266666666666668,0.74
4,0.7033333333333334,0.75
4,0.6833333333333333,0.7333333333333333
4,0.73,0.7466666666666667
4,0.7133333333333334,0.7366666666666667
4,0.6866666666666668,0.75
4,0.6733333333333332,0.76
4,0.7099999999999999,0.7566666666666666
4,0.7133333333333333,0.74
4,0.7133333333333334,0.7533333333333334
4,0.71,0.7200000000000001
4,0.68,0.7433333333333334
4,0.7100000000000001,0.7533333333333334
4,0.6900000000000001,0.6966666666666667
4,0.6766666666666666,0.7266666666666667
4,0.7366666666666667,0.7466666666666667
4,0.7066666666666667,0.7366666666666667
4,0.72,0.74
4,0.7,0.7733333333333332
4,0.7066666666666667,0.7133333333333333
4,0.7166666666666666,0.7133333333333333
4,0.7000000000000001,0.7466666666666667
4,0.75,0.74
4,0.7133333333333333,0.7566666666666666
4,0.6933333333333334,0.7533333333333334
4,0.6933333333333334,0.74
4,0.6933333333333334,0.7366666666666666
4,0.7100000000000001,0.7233333333333333
4,0.74,0.7566666666666666
4,0.7099999999999999,0.7533333333333332
4,0.7433333333333334,0.7633333333333334
4,0.7266666666666668,0.7566666666666667
4,0.73,0.77
4,0.6933333333333334,0.76
4,0.7133333333333332,0.7466666666666667
4,0.7066666666666668,0.7633333333333334
4,0.7033333333333334,0.74
4,0.6900000000000001,0.73
4,0.6966666666666667,0.7533333333333333
4,0.6833333333333333,0.7533333333333333
4,0.6933333333333332,0.7300000000000001
4,0.7533333333333333,0.7466666666666667
4,0.7166666666666666,0.7700000000000001
4,0.7166666666666666,0.7333333333333334
4,0.7366666666666667,0.7233333333333334
4,0.7299999999999999,0.7533333333333333
4,0.7066666666666667,0.7533333333333333
4,0.7033333333333334,0.7333333333333334
4,0.7166666666666666,0.7366666666666666
4,0.7133333333333333,0.7533333333333333
4,0.6799999999999999,0.7266666666666667
4,0.7233333333333334,0.71
4,0.7033333333333334,0.7566666666666666
4,0.7299999999999999,0.7266666666666667
4,0.6866666666666666,0.71
4,0.7066666666666667,0.7366666666666666
4,0.6766666666666666,0.71
4,0.71,0.7166666666666666
4,0.7433333333333334,0.7766666666666666
4,0.7233333333333334,0.69
4,0.7066666666666668,0.7433333333333333
4,0.6966666666666665,0.7300000000000001
4,0.7166666666666667,0.73
4,0.6966666666666665,0.7433333333333334
4,0.72,0.7466666666666667
4,0.6866666666666666,0.7333333333333334
4,0.6966666666666665,0.77
4,0.6866666666666668,0.7366666666666667
4,0.74,0.75
4,0.7266666666666667,0.7266666666666667
4,0.6866666666666666,0.71
4,0.7233333333333334,0.7366666666666667
4,0.7366666666666667,0.7266666666666668
4,0.6833333333333333,0.7366666666666667
4,0.7166666666666667,0.7433333333333334
4,0.7133333333333334,0.7333333333333333
4,0.6833333333333333,0.7133333333333333
4,0.7066666666666667,0.77
4,0.7,0.7266666666666667
4,0.74,0.7499999999999999
4,0.73,0.7333333333333334
4,0.7300000000000001,0.7566666666666666
4,0.6933333333333332,0.74
4,0.7266666666666668,0.7466666666666666
4,0.7233333333333334,0.7333333333333334
4,0.6966666666666667,0.7366666666666667
4,0.73,0.7466666666666667
4,0.7133333333333333,0.7233333333333333
4,0.7200000000000001,0.7366666666666668
4,0.7166666666666667,0.7300000000000001
4,0.7333333333333334,0.7466666666666667
4,0.6933333333333334,0.7333333333333332
4,0.7100000000000001,0.74
4,0.7,0.7466666666666667
4,0.7033333333333334,0.7266666666666667
4,0.7466666666666666,0.74
4,0.72,0.7133333333333333
4,0.72,0.73
4,0.6833333333333333,0.7133333333333334
4,0.7166666666666667,0.74
4,0.7033333333333334,0.7499999999999999
4,0.6933333333333334,0.7699999999999999
4,0.7200000000000001,0.76
4,0.7166666666666667,0.7366666666666666
4,0.7366666666666666,0.76
4,0.6866666666666666,0.7466666666666666
4,0.72,0.73
4,0.72,0.7333333333333334
4,0.7,0.7466666666666666
4,0.6666666666666667,0.7699999999999999
4,0.7066666666666667,0.7466666666666667
4,0.7333333333333334,0.73
4,0.7333333333333334,0.7366666666666667
4,0.7366666666666667,0.7066666666666667
4,0.6799999999999999,0.7033333333333334
4,0.7066666666666667,0.7133333333333334
4,0.71,0.7733333333333332
4,0.6933333333333334,0.7166666666666667
4,0.6966666666666665,0.7466666666666667
4,0.7166666666666667,0.7366666666666666
4,0.6933333333333332,0.73
4,0.72,0.7033333333333334
4,0.7033333333333334,0.7466666666666667
4,0.69,0.75
4,0.6966666666666667,0.7466666666666667
4,0.7133333333333333,0.7299999999999999
4,0.67,0.7233333333333334
4,0.7133333333333333,0.7333333333333333
4,0.6799999999999999,0.7466666666666667
4,0.7066666666666667,0.7366666666666667
4,0.7633333333333333,0.7566666666666666
4,0.7433333333333334,0.74
4,0.71,0.7566666666666666
4,0.6966666666666667,0.7300000000000001
4,0.6799999999999999,0.76
4,0.7,0.7466666666666667
4,0.7433333333333334,0.7366666666666666
4,0.6966666666666667,0.7333333333333333
4,0.71,0.74
4,0.7366666666666667,0.7466666666666667
4,0.6666666666666666,0.7533333333333334
4,0.6699999999999999,0.7366666666666667
4,0.7266666666666667,0.73
4,0.6966666666666667,0.7733333333333333
4,0.7233333333333333,0.74
4,0.72,0.7166666666666666
4,0.7,0.7333333333333334
4,0.6799999999999999,0.74
4,0.6833333333333333,0.75
4,0.7,0.7233333333333334
4,0.7233333333333334,0.7133333333333334
4,0.7233333333333333,0.7233333333333334
4,0.7066666666666667,0.7233333333333334
4,0.7433333333333333,0.7566666666666666
4,0.6699999999999999,0.7466666666666667
4,0.7133333333333335,0.7300000000000001
4,0.7233333333333334,0.7266666666666668
4,0.6933333333333334,0.74
4,0.6799999999999999,0.7333333333333332
4,0.72,0.72
4,0.7266666666666668,0.7466666666666667
4,0.6900000000000001,0.7366666666666667
4,0.68,0.76
4,0.6966666666666667,0.7233333333333334
4,0.72,0.7266666666666667
4,0.72,0.7433333333333334
4,0.6899999999999998,0.7366666666666666
4,0.7300000000000001,0.76
4,0.6933333333333334,0.7100000000000001
4,0.6966666666666667,0.72
4,0.72,0.72
4,0.7033333333333331,0.7366666666666667
4,0.6966666666666665,0.74
4,0.6933333333333334,0.72
4,0.7133333333333334,0.7466666666666667
4,0.74,0.72
4,0.7133333333333333,0.7333333333333334
4,0.7066666666666667,0.7066666666666666
4,0.7,0.7
4,0.7133333333333333,0.7333333333333334
4,0.6566666666666665,0.77
4,0.6666666666666666,0.7433333333333334
4,0.7033333333333334,0.7500000000000001
4,0.6833333333333333,0.7366666666666667
4,0.7066666666666667,0.7366666666666667
4,0.7,0.7433333333333334
4,0.6666666666666667,0.7266666666666667
4,0.71,0.7300000000000001
4,0.6933333333333332,0.7200000000000001
4,0.7133333333333333,0.76
4,0.6833333333333333,0.71
4,0.6833333333333333,0.7666666666666666
4,0.7466666666666667,0.74
4,0.7,0.74
4,0.7433333333333334,0.7433333333333333
4,0.71,0.7333333333333333
4,0.7066666666666666,0.7300000000000001
4,0.7333333333333333,0.73
4,0.74,0.73
4,0.72,0.7300000000000001
4,0.7,0.76
4,0.6799999999999999,0.7433333333333334
4,0.6966666666666667,0.78
4,0.72,0.7699999999999999
4,0.6966666666666667,0.7466666666666667
4,0.7066666666666668,0.7433333333333333
4,0.7133333333333334,0.7366666666666667
4,0.7033333333333334,0.7333333333333333
4,0.7,0.74
4,0.7066666666666667,0.7200000000000001
4,0.7166666666666666,0.73
4,0.7,0.7666666666666667
4,0.7,0.7333333333333333
4,0.7133333333333333,0.76
4,0.7033333333333334,0.7466666666666667
4,0.71,0.7366666666666666
4,0.7100000000000001,0.7333333333333333
4,0.7266666666666667,0.74
4,0.7066666666666666,0.7633333333333334
4,0.7066666666666667,0.7366666666666667
4,0.7166666666666666,0.71
4,0.7166666666666666,0.7299999999999999
4,0.7099999999999999,0.7233333333333334
4,0.72,0.7433333333333334
4,0.7300000000000001,0.7433333333333334
4,0.7033333333333334,0.7499999999999999
4,0.7166666666666667,0.74
4,0.6833333333333332,0.7266666666666668
4,0.6766666666666665,0.7433333333333334
4,0.73,0.7566666666666666
4,0.7066666666666667,0.7233333333333334
4,0.7433333333333334,0.7233333333333334
4,0.69,0.7533333333333333
4,0.7233333333333334,0.7266666666666668
4,0.6933333333333334,0.7066666666666668
4,0.6933333333333334,0.7633333333333334
4,0.7,0.74
4,0.71,0.7466666666666667
4,0.6799999999999999,0.75
4,0.6933333333333332,0.7366666666666666
4,0.6766666666666666,0.7333333333333334
4,0.6733333333333333,0.7200000000000001
4,0.7266666666666667,0.7500000000000001
4,0.7133333333333333,0.7466666666666667
4,0.7166666666666667,0.7233333333333333
4,0.7333333333333333,0.7500000000000001
4,0.6966666666666667,0.73
4,0.7,0.7533333333333333
4,0.7066666666666667,0.7233333333333334
4,0.7233333333333334,0.7633333333333334
4,0.71,0.7166666666666666
4,0.6766666666666665,0.7633333333333333
4,0.6866666666666665,0.7433333333333334
4,0.75,0.72
4,0.7100000000000001,0.7333333333333333
4,0.6766666666666666,0.7633333333333333
4,0.6966666666666665,0.7366666666666667
4,0.7,0.7233333333333333
4,0.6666666666666666,0.76
4,0.7100000000000001,0.73
4,0.7066666666666667,0.75
4,0.72,0.73
4,0.73,0.74
4,0.67,0.7233333333333334
4,0.7333333333333334,0.7333333333333334
4,0.7,0.7433333333333334
4,0.7,0.73
4,0.7,0.7233333333333334
4,0.7033333333333334,0.7733333333333334
4,0.72,0.7366666666666667
4,0.75,0.7666666666666667
4,0.6966666666666665,0.7266666666666667
4,0.7266666666666667,0.72
4,0.68,0.76
4,0.6966666666666667,0.7533333333333333
4,0.6900000000000001,0.71
4,0.6933333333333332,0.7366666666666667
4,0.7066666666666667,0.73
4,0.7,0.7166666666666666
4,0.6933333333333334,0.7333333333333334
4,0.7266666666666668,0.7666666666666667
4,0.7233333333333334,0.7166666666666668
4,0.6866666666666666,0.7366666666666667
4,0.6866666666666668,0.7200000000000001
4,0.7133333333333333,0.7166666666666667
4,0.6799999999999999,0.73
4,0.7300000000000001,0.73
4,0.7166666666666667,0.7266666666666667
4,0.6933333333333332,0.7366666666666667
4,0.6933333333333334,0.72
4,0.72,0.73
4,0.7100000000000001,0.72
4,0.6900000000000002,0.7300000000000001
4,0.72,0.7466666666666667
4,0.73,0.7733333333333333
4,0.72,0.7466666666666666
4,0.68,0.7133333333333333
4,0.6900000000000001,0.7533333333333334
4,0.6766666666666666,0.7500000000000001
4,0.7133333333333333,0.7733333333333333
4,0.7266666666666668,0.7633333333333333
4,0.73,0.7366666666666666
4,0.7066666666666667,0.74
4,0.7133333333333334,0.7466666666666667
4,0.6966666666666667,0.7433333333333334
4,0.6966666666666665,0.7466666666666667
4,0.6966666666666667,0.72
4,0.6966666666666665,0.7433333333333333
4,0.73,0.7266666666666667
4,0.7433333333333333,0.7166666666666666
4,0.6833333333333333,0.7433333333333334
4,0.7466666666666667,0.76
4,0.7333333333333333,0.72
4,0.6966666666666667,0.7466666666666667
4,0.71,0.74
4,0.7033333333333334,0.7300000000000001
4,0.7333333333333334,0.7699999999999999
4,0.7299999999999999,0.72
4,0.7333333333333333,0.7733333333333332
4,0.6799999999999999,0.7033333333333334
4,0.6666666666666666,0.7766666666666666
4,0.7133333333333333,0.72
4,0.7,0.7533333333333333
4,0.6966666666666665,0.7566666666666666
4,0.6766666666666666,0.7299999999999999
4,0.7300000000000001,0.7233333333333334
4,0.7166666666666667,0.7
4,0.6833333333333333,0.7433333333333334
4,0.72,0.7333333333333334
4,0.74,0.75
4,0.6933333333333334,0.72
4,0.71,0.7333333333333333
4,0.69,0.71
4,0.7133333333333333,0.74
4,0.7466666666666667,0.72
4,0.69,0.74
4,0.7333333333333333,0.75
4,0.6733333333333332,0.76
4,0.7100000000000001,0.7366666666666667
4,0.7266666666666667,0.7133333333333334
4,0.6966666666666667,0.76
4,0.7300000000000001,0.7666666666666666
4,0.6866666666666668,0.7466666666666667
4,0.6699999999999999,0.69
4,0.6733333333333333,0.7366666666666667
4,0.6866666666666666,0.74
4,0.7033333333333334,0.7300000000000001
4,0.7366666666666667,0.7499999999999999
4,0.6966666666666665,0.78
4,0.71,0.7133333333333333
4,0.7533333333333333,0.7666666666666667
4,0.7033333333333334,0.7533333333333333
4,0.6900000000000001,0.7366666666666667
4,0.6900000000000001,0.7433333333333333
4,0.6799999999999999,0.7366666666666667
4,0.6766666666666666,0.7100000000000001
4,0.7233333333333333,0.7666666666666666
4,0.6799999999999999,0.7333333333333333
4,0.6699999999999999,0.74
4,0.69,0.7266666666666667
4,0.6866666666666666,0.74
4,0.6766666666666665,0.7233333333333334
4,0.6966666666666667,0.7533333333333335
4,0.6733333333333333,0.7333333333333333
4,0.6799999999999999,0.7433333333333333
4,0.7133333333333333,0.7366666666666667
4,0.6833333333333333,0.7266666666666668
4,0.6966666666666665,0.7466666666666667
4,0.6933333333333332,0.73
4,0.7033333333333333,0.75
4,0.6699999999999999,0.7266666666666668
4,0.6866666666666666,0.7333333333333333
4,0.7133333333333333,0.7033333333333334
4,0.7,0.7233333333333334
4,0.7033333333333334,0.73
4,0.74,0.7266666666666667
4,0.6866666666666666,0.7333333333333333
4,0.73,0.74
4,0.6933333333333334,0.7133333333333333
4,0.7233333333333334,0.7233333333333333
4,0.6733333333333333,0.7366666666666666
4,0.6933333333333334,0.76
4,0.7066666666666668,0.7300000000000001
4,0.6799999999999999,0.7300000000000001
4,0.72,0.7466666666666667
4,0.6766666666666666,0.74
4,0.6866666666666666,0.7
4,0.7566666666666666,0.7866666666666667
4,0.7066666666666668,0.7566666666666667
4,0.6933333333333334,0.7633333333333333
4,0.7066666666666667,0.7633333333333333
4,0.6900000000000001,0.71
4,0.6966666666666667,0.7300000000000001
4,0.6866666666666665,0.7433333333333334
4,0.6966666666666667,0.73
4,0.71,0.7433333333333334
4,0.6933333333333334,0.7500000000000001
4,0.7,0.7266666666666667
